id	name	1960	1961	1962	1963	1964	1965	1966	1967	1968	1969	1970	1971	1972	1973	1974	1975	1976	1977	1978	1979	1980	1981	1982	1983	1984	1985	1986	1987	1988	1989	1990	1991	1992	1993	1994	1995	1996	1997	1998	1999	2000	2001	2002	2003	2004	2005	2006	2007	2008	2009	2010	2011	2012	2013	2014	2015	2016	2017
AFG	Afghanistan	0.41388	0.4908	0.68859	0.70674	0.83855	1.0069	1.0912	1.2819	1.2234	0.94123	1.6704	1.8939	1.5312	1.6372	1.9157	2.1245	1.9842	2.3867	2.1554	2.2349	1.757	1.9794	2.0955	2.5201	2.8224	3.5019	3.1341	3.1142	2.8571	2.7649	2.6024	2.4265	1.3815	1.3338	1.2825	1.2311	1.1651	1.0845	1.0295	0.80957	0.7682	0.81207	1.0641	1.1871	0.94146	1.3203	1.6432	2.2683	4.1983	6.7603	8.4522	12.226	10.7421	10.0004	9.7892	10.1074	12.2579	13.0147
ALB	Albania	2.0225	2.279	2.4622	2.0812	2.0152	2.1728	2.5501	2.6784	3.0704	3.2426	3.7409	4.3492	5.6389	5.2872	4.3418	4.591	4.9464	5.7158	6.4889	7.5808	5.1662	7.3353	7.3024	7.6248	7.819	7.8739	8.0498	7.4379	7.3207	8.9768	5.5107	4.2832	2.5135	2.334	1.9236	2.0848	2.0152	1.5425	1.7514	2.9825	3.0191	3.2207	3.7483	4.2905	4.1623	4.2502	3.8948	3.9241	4.3712	4.3748	4.5947	5.2359	4.9061	5.06	5.7122	5.9477	6.2729	6.3792
DZA	Algeria	6.1512	6.0559	5.661	5.4192	5.643	6.5885	8.4209	8.4316	9.0502	11.263	15.059	18.6495	28.3226	38.2774	31.8767	32.0012	39.1311	41.8449	62.4553	45.5456	66.4165	46.342	39.173	52.5039	70.9465	72.6091	76.0804	83.8835	83.708	79.8083	76.7366	78.8054	79.8818	81.9424	86.1467	94.982	96.7861	87.0043	106.6208	91.6679	87.4427	83.7807	89.4067	91.0482	87.8531	106.4732	100.2012	108.4	109.0318	120.1859	117.8141	119.8069	128.11	132.4346	143.1771	150.5925	150.378	150.5514
AGO	Angola	0.54895	0.45371	1.1791	1.1497	1.2229	1.1862	1.5525	0.99181	1.6695	2.7831	3.5779	3.4054	4.5005	4.8737	4.8664	4.4088	3.28	3.5275	5.3998	5.4892	5.3344	5.2668	4.6352	5.1005	4.9859	4.6761	4.6338	5.786	5.0493	4.9228	5.0887	5.0629	5.165	5.7484	3.8656	10.9483	10.4248	7.3478	7.2696	9.1298	9.5151	9.6715	12.5975	8.9884	18.7019	19.0064	22.1024	24.9761	25.486	27.5655	28.8645	30.1421	33.1858	32.3731	34.4576	34.7611	35.351	35.3899
197	Antigua and Barbuda	0.03664	0.047632	0.10259	0.084272	0.0916	0.15022	0.34808	0.56426	0.98928	1.2568	0.46166	0.42502	0.37373	0.32976	0.42869	0.70715	0.40304	0.46533	0.49098	0.4067	0.1429	0.10626	0.29312	0.084272	0.14656	0.24915	0.24915	0.2748	0.28579	0.28579	0.28213	0.26747	0.26381	0.27114	0.26747	0.2748	0.29312	0.30778	0.31877	0.32976	0.34442	0.34808	0.37006	0.40304	0.42136	0.42869	0.44334	0.46899	0.47998	0.5093	0.52395	0.51296	0.52395	0.52395	0.53128	0.55463	0.5654	0.5653
ARG	Argentina	48.7645	51.1267	53.6401	50.0327	55.67	58.8048	63.0727	65.476	69.0092	77.2489	82.648	88.8443	90.0611	93.968	95.4694	94.8316	99.6657	100.6509	102.4768	110.5109	108.52	101.8197	103.2066	104.9789	106.283	100.3662	103.9339	114.6111	121.1291	116.802	111.89	116.845	121.0167	117.5647	122.01	127.5985	134.6437	137.5581	139.3545	146.5103	141.7168	133.3106	124.3822	134.6207	157.0336	161.4248	174.6175	174.2329	188.0412	178.8674	186.6865	190.2479	191.0447	188.4281	202.6715	206.368	207.0641	204.3234
ARM	Armenia	2.4936	2.5714	2.6987	2.8942	3.078	3.2651	3.448	3.6053	3.7066	3.8601	4.0601	4.3144	4.5455	4.7441	4.932	5.1918	5.3948	5.5816	5.7755	5.8251	6.0568	5.9494	6.0647	6.1583	6.2197	6.7083	6.7341	7.0209	7.2181	7.075	6.6425	6.4406	5.7199	2.5083	2.6835	3.3601	2.4973	3.2464	3.4111	3.0337	3.4914	3.5327	3.0766	3.4556	3.6912	4.3798	4.4052	5.1078	5.5821	4.3623	4.2602	4.9689	5.7483	5.5494	5.5814	5.7917	5.9608	5.6564
192	Aruba	0.61856	0.64555	0.70894	0.67909	0.66028	0.59239	0.55394	0.68236	0.63451	0.83041	0.92876	0.80832	0.78378	0.86946	0.78808	0.57071	1.2191	0.63676	0.54229	0.56887	0.58543	0.55762	0.62347	0.32042	0.80014	0.93653	0.17954	0.44701	0.61189	0.64853	1.6378	1.6818	1.4619	1.5938	1.6122	1.6671	1.6891	1.7441	1.7954	1.8064	2.3779	2.4072	2.4366	2.5611	2.6161	2.7187	2.715	2.8213	2.6564	2.6271	2.5062	2.4988	1.3484	0.86104	0.87203	0.91036	0.92803	0.92787
AUS	Australia	88.1189	90.5039	94.8235	100.9343	108.8758	120.8527	120.2193	129.1442	134.4969	142.1238	147.4798	152.6295	157.3355	170.8274	172.1894	175.7139	174.0747	187.6049	201.8202	204.8696	220.531	230.1326	233.8886	224.785	236.3612	240.988	239.7222	255.8502	260.8788	277.4856	278.4244	279.8724	284.9121	289.2349	294.0146	305.4098	312.3612	320.7947	334.6841	344.0633	350.1946	357.6687	362.2091	369.7258	383.2049	386.5152	392.6819	400.4157	405.0485	408.6726	406.7528	404.2466	407.1461	398.1638	393.4642	402.9955	413.3699	413.0927
AUT	Austria	30.7845	31.824	33.865	36.9491	38.8964	38.1406	39.2086	39.9156	42.2971	44.6384	50.6317	52.0692	56.0713	60.0158	57.2945	54.2141	58.2043	55.9942	57.2271	61.322	52.0257	55.8337	53.5661	51.6691	54.215	54.3672	53.7295	57.375	52.9384	53.6975	62.2922	65.8997	60.4315	60.7877	61.1903	64.206	67.6739	67.453	67.0544	65.621	66.2617	70.3909	72.1465	77.7642	78.0525	79.3667	76.6885	74.0321	73.8063	67.4831	72.3831	70.1157	67.6614	68.0012	64.2533	66.704	67.4021	69.9418
AZE	Azerbaijan	24.0756	24.8282	26.0581	27.9456	29.7201	31.5272	33.2943	34.814	35.792	37.2751	39.2062	41.6137	43.792	45.651	47.3994	49.834	51.7515	53.5109	55.3467	55.803	57.9982	56.9002	57.9759	58.805	59.3325	63.9894	64.1605	66.8619	68.6972	67.2544	63.053	60.8003	56.1758	48.4083	41.9466	33.3111	31.2416	29.8039	31.665	28.5702	29.5063	28.7927	29.6418	30.6267	32.0782	34.2864	39.1085	30.4583	35.4506	31.8566	30.6329	33.3966	35.4969	35.58	37.4144	40.2414	39.6883	38.2097
BHS	"Bahamas, The"	0.41037	0.54594	0.72547	0.70715	1.0845	1.3154	1.0919	1.701	1.6277	1.7408	2.5688	6.7237	6.4813	7.8627	7.3798	8.2461	6.4574	9.7087	6.597	6.9157	7.9721	2.7984	2.2585	2.0144	1.854	1.5096	1.4106	1.4216	1.5389	1.9456	1.9492	1.7807	1.7917	1.7001	1.6854	1.6818	1.6671	1.363	1.6781	1.6744	1.6671	1.5682	1.5755	1.5169	1.7221	1.7404	1.6635	1.6891	1.4949	1.6415	1.6525	1.865	1.9676	2.7993	2.4146	2.5165	2.5653	2.5644
163	Bahrain	0.57525	1.7697	1.5902	1.1945	1.5975	1.2274	0.64853	1.0039	1.1029	1.2714	2.5904	3.0375	3.6787	5.518	5.4007	5.7488	6.5696	7.4636	7.7604	8.1268	7.8813	8.5188	9.8305	8.222	9.2003	10.1859	11.003	11.4207	12.1426	11.7167	12.4054	11.8553	10.8738	14.6098	14.7556	14.7871	15.5896	17.2877	18.3655	17.9881	18.6179	13.9053	15.6772	16.4372	17.4391	19.1325	18.7569	26.7701	29.6824	28.0975	29.0748	28.4388	26.4482	31.0839	31.089	32.8469	34.2651	34.4557
BGD	Bangladesh	2.2119	2.2904	2.5168	2.8932	2.9746	3.1213	3.1763	3.3711	3.8657	3.7493	3.8032	3.6061	3.5064	4.5506	4.6566	4.8651	5.5641	5.8026	6.0054	6.634	7.621	7.9118	8.5777	8.2138	9.1008	10.2112	11.4337	11.8303	13.5103	13.4163	15.49	15.9026	17.7088	17.3679	18.928	22.7714	23.9496	24.948	23.9111	25.0174	27.5049	31.9439	33.1854	35.1406	37.1619	38.9159	42.9557	43.7664	48.3076	52.2926	58.2818	61.5975	65.6025	67.7065	71.1457	83.5008	85.2536	88.0575
180	Barbados	0.17221	0.19419	0.26014	0.19053	0.17954	0.20518	0.26747	0.33709	0.43968	0.47998	0.42869	0.48365	0.50197	0.47998	0.49098	0.56792	0.53128	0.5899	0.63021	0.6009	0.67418	0.68517	0.64486	0.68517	0.74133	0.83628	0.90607	0.9305	0.93459	0.97595	1.0603	1.1921	0.96632	1.1098	0.74188	0.82296	0.84233	0.8889	1.1212	1.1912	1.168	1.2013	1.2038	1.2414	1.266	1.3223	1.3393	1.3344	1.589	1.5893	1.4526	1.5042	1.4499	1.4295	1.2535	1.3009	1.3247	1.3227
BLR	Belarus	37.4192	38.5886	40.4998	43.4334	46.1914	48.9997	51.7457	54.1075	55.6275	57.9325	60.9336	64.663	68.035	70.9088	73.6089	77.3727	80.3281	83.0363	85.8664	86.5579	89.9443	88.2142	89.8732	91.1329	91.9281	99.1444	99.3775	103.5477	106.3715	104.1029	104.1347	97.0401	89.9904	77.6156	64.373	57.9475	59.2023	62.5458	59.4078	56.9912	55.458	55.5603	55.6772	57.1123	60.7672	62.0494	64.8616	64.2639	66.3901	61.9378	63.8624	62.7727	63.6748	64.4237	63.78	58.9658	60.5092	61.3718
BEL	Belgium	90.9081	92.6983	98.0183	105.6764	103.554	105.3308	105.0967	107.361	118.4376	123.4918	125.4905	121.3706	130.6378	138.6394	134.9504	121.8234	129.6781	126.1999	135.451	139.7873	134.8367	123.5745	117.1028	101.2027	104.9675	104.0054	102.3678	102.5898	99.7441	106.7936	120.4844	123.5447	122.6578	121.5573	124.9382	126.083	129.5836	124.0468	130.2851	124.7457	126.7948	126.129	126.4446	127.9532	129.0409	125.6382	124.0309	120.6114	120.659	107.6424	113.582	104.1586	101.395	101.9704	96.391	100.2295	100.2437	100.116
BLZ	Belize	0.043968	0.03664	0.069616	0.062288	0.084272	0.084272	0.080608	0.12091	0.10259	0.13557	0.12091	0.1429	0.15755	0.14656	0.15389	0.17587	0.17587	0.19786	0.21618	0.20885	0.19053	0.1832	0.17221	0.17221	0.17221	0.19053	0.20518	0.22717	0.24915	0.30045	0.31144	0.35907	0.35541	0.37739	0.37373	0.37739	0.30778	0.38838	0.37006	0.34808	0.39571	0.44701	0.43235	0.43235	0.39205	0.42136	0.44334	0.47632	0.43602	0.58624	0.53861	0.6009	0.47632	0.51296	0.49464	0.52226	0.54743	0.56083
BEN	Benin	0.16122	0.12824	0.13557	0.12091	0.1429	0.15022	0.11358	0.1429	0.15389	0.20152	0.28213	0.29312	0.38838	0.38106	0.4067	0.44334	0.26014	0.29678	0.36274	0.3664	0.50746	0.41765	0.47734	0.43965	0.4856	0.72574	0.66543	0.51719	0.53805	0.60965	0.68068	0.79213	0.86494	1.0867	1.2223	1.2736	1.2311	1.1982	1.1944	1.5423	1.574	1.7898	2.0532	2.3276	2.4811	2.3671	3.7113	4.3196	4.2548	4.5079	4.9389	5.1213	5.3055	5.6526	6.1582	6.3503	6.7479	7.5021
201	Bermuda	0.15755	0.17587	0.15755	0.15022	0.20152	0.17954	0.20152	0.21251	0.2235	0.19786	0.22717	0.23083	0.25282	0.42502	0.44334	0.458	0.46899	0.45434	0.42502	0.46166	0.43602	0.38838	0.39571	0.45067	0.44334	0.45067	0.42136	0.57158	0.64486	0.78043	0.50197	0.53861	0.46166	0.53861	0.53128	0.53128	0.52762	0.52395	0.52029	0.51296	0.51662	0.52762	0.55693	0.56059	0.58258	0.58258	0.65219	0.72914	0.64853	0.47632	0.60822	0.44334	0.47632	0.458	0.57525	0.60053	0.61219	0.61208
BOL	Bolivia	1.0038	1.0404	1.099	1.2125	1.48	1.5093	1.6888	1.8904	2.1761	2.5462	2.4837	3.0589	3.5681	3.4545	3.5129	4.055	4.5748	4.4749	5.0201	4.7301	4.659	4.781	4.3379	4.2781	4.0293	4.1098	3.7637	4.0118	4.2868	4.9684	5.7268	5.974	6.622	7.7918	8.5924	9.799	9.7745	10.8831	10.9239	10.376	11.0047	8.5606	10.3281	11.0112	11.0183	12.0705	14.9208	12.1768	13.0406	13.7466	14.9414	15.8512	18.4857	18.5716	20.0298	20.0019	20.5623	20.8852
BIH	Bosnia and Herzegovina	5.2619	5.5154	5.6598	6.2963	7.1334	7.3395	7.2728	7.3461	7.8569	8.1463	10.6456	11.4727	10.7522	12.8439	12.8993	13.4588	13.8902	13.5066	15.0928	16.4158	16.1406	17.5653	16.1353	17.375	18.3234	18.6911	19.5199	19.3963	20.0741	20.0296	20.0141	14.1515	15.0276	12.5794	3.2044	3.4028	4.2385	8.3653	10.5513	10.3339	13.7013	13.2638	14.1726	14.3502	15.4625	16.046	17.3867	17.4743	19.9586	20.5371	21.1456	23.7613	22.1362	21.801	22.1176	24.7642	26.0017	26.6469
BRA	Brazil	46.8518	49.1445	53.6314	55.5509	56.6667	56.3296	64.2116	66.0794	77.2714	84.1327	93.5305	102.3579	114.0143	132.0196	142.9273	150.5137	154.3981	162.0783	175.9315	187.1551	185.7583	170.4679	170.7893	165.427	167.6056	179.9368	197.2262	205.7887	207.563	212.1136	206.9211	217.2275	218.3835	228.3332	239.4707	255.5834	281.1948	296.5853	308.3057	316.2824	324.226	332.9874	327.4348	317.5084	333.6751	342.0865	341.9464	356.9188	380.3449	360.0908	411.2402	430.1949	460.0631	493.5935	519.5263	512.0819	473.7414	476.0668
215	British Virgin Islands	NaN	0.003664	0.003664	0.007328	0.007328	0.010992	0.003664	0.014656	0.01832	0.01832	0.021984	0.021984	0.025648	0.025648	0.025648	0.025648	0.029312	0.029312	0.029312	0.029312	0.043968	0.03664	0.040304	0.040304	0.047632	0.05496	0.062288	0.065952	0.065952	0.065952	0.065952	0.069616	0.07328	0.080608	0.084272	0.095264	0.098928	0.10259	0.10259	0.10259	0.10626	0.11358	0.12091	0.12458	0.1319	0.1429	0.15022	0.16122	0.16488	0.17221	0.17587	0.17587	0.17587	0.17954	0.18743	0.19107	0.19103
BGR	Bulgaria	22.2707	25.945	30.704	34.3741	42.8181	46.2691	48.716	55.1077	59.4635	66.3077	61.174	64.2197	66.0751	68.7112	71.1282	72.9117	72.9522	75.7801	81.1872	78.9044	77.2247	80.0579	89.8117	90.0258	87.0063	89.183	91.1283	91.2281	86.8652	86.4372	78.6729	60.058	56.84	57.4834	55.9361	57.537	57.9525	55.1816	52.5263	46.0963	45.2139	48.9233	46.1664	50.4145	49.5086	50.5913	51.8256	55.637	53.9728	45.7071	47.7928	53.1165	48.2695	42.586	45.1425	48.1327	45.2874	49.0712
BFA	Burkina Faso	0.043968	0.0916	0.084272	0.087936	0.10992	0.10259	0.10259	0.10259	0.10259	0.12091	0.1429	0.15022	0.16122	0.16854	0.20518	0.21984	0.20885	0.24915	0.34808	0.4067	0.43235	0.55693	0.57525	0.59357	0.46533	0.47632	0.47998	0.51662	0.55326	0.82074	0.58258	0.62654	0.63021	0.62654	0.64486	0.62387	0.70446	0.80269	0.85763	0.91417	1.0309	0.99169	1.0011	1.0743	1.0999	1.1218	1.3562	1.6419	1.8628	1.8668	1.8939	2.1412	2.5503	2.9924	2.8021	2.7813	2.9698	3.335
BDI	Burundi	0.036431	0.047737	0.043968	0.047632	0.047632	0.03664	0.047632	0.047632	0.05496	0.07328	0.062288	0.07328	0.07328	0.07328	0.0916	0.076944	0.087936	0.098928	0.10259	0.10992	0.14656	0.15755	0.15755	0.20518	0.21984	0.23083	0.2345	0.24915	0.22717	0.26747	0.20885	0.23816	0.21618	0.22717	0.2345	0.23816	0.24182	0.24915	0.24915	0.25282	0.27114	0.20518	0.21251	0.16122	0.19786	0.15389	0.18686	0.18686	0.19053	0.19053	0.21251	0.23756	0.2736	0.27823	0.43153	0.47666	0.50815	0.52914
KHM	Cambodia	0.2345	0.28579	0.30778	0.38838	0.34072	0.40283	0.46875	0.41746	0.49074	1.3445	1.1723	0.24891	0.11704	0.12791	0.073072	0.073072	0.072774	0.072476	0.051139	0.029312	0.28579	0.30045	0.33709	0.3664	0.41037	0.4177	0.43235	0.43602	0.45067	0.45067	1.2604	1.3044	1.3484	1.385	1.4671	1.5403	1.5972	1.5251	1.9354	1.8943	1.9749	2.2497	2.2057	2.3779	2.4439	2.7736	2.9972	3.4525	3.805	4.5407	4.9169	5.0943	5.3335	5.4758	6.5164	6.9765	7.482	7.9383
CMR	Cameroon	0.27114	0.28213	0.28946	0.30045	0.33709	0.31144	0.34442	0.458	0.50563	0.57158	0.63742	0.80918	0.86036	0.89691	0.97376	1.1605	1.089	1.559	1.9932	1.8153	3.8859	5.3191	6.3159	6.5545	6.0529	6.4706	1.9932	1.843	2.1539	7.5777	1.6782	1.0567	3.7299	3.8394	3.7711	4.1745	4.4315	3.1564	3.1371	2.9981	3.3458	3.325	3.324	3.6985	3.8501	3.5913	3.7524	5.7019	5.4263	6.5949	6.662	5.6306	5.975	6.615	6.854	7.2174	7.5861	7.6872
CAN	Canada	192.7162	194.0007	206.9908	210.9108	237.5777	251.917	259.0744	281.637	303.2613	307.1192	341.1772	352.2851	380.7866	381.2647	389.6052	396.7727	398.946	407.7714	415.5054	441.6469	442.8173	429.5983	414.4264	408.3097	425.1993	421.6756	404.6601	430.9217	455.608	462.8177	463.8798	454.6275	468.8648	467.8796	483.0585	495.6645	510.5568	525.2531	534.2365	550.0432	572.5307	564.6353	570.8851	587.5963	585.8328	576.8016	570.4876	594.1402	574.8059	540.5187	555.4597	560.7759	563.6752	568.8924	568.0084	565.5767	558.189	572.7826
169	Cape Verde	0.021954	0.021954	0.01829	0.014626	0.029253	0.025589	0.021984	0.01832	0.029282	0.036581	0.036581	0.03661	0.051266	0.062229	0.065952	0.076944	0.07328	0.080608	0.20854	0.24915	0.12091	0.032976	0.03664	0.03664	0.084272	0.084272	0.058624	0.080608	0.07328	0.080608	0.095264	0.098928	0.10626	0.10992	0.11358	0.12091	0.1429	0.14656	0.15755	0.1832	0.21618	0.2345	0.2748	0.30778	0.32976	0.43968	0.47266	0.50563	0.46899	0.52395	0.55693	0.61555	0.50563	0.4983	0.49098	0.49721	0.5322	0.59998
CAF	Central African Republic	0.087936	0.087936	0.07328	0.07328	0.07328	0.087936	0.084272	0.0916	0.1832	0.18686	0.20885	0.1832	0.16854	0.16122	0.11358	0.10259	0.12824	0.12824	0.14656	0.10259	0.10626	0.13557	0.1429	0.14656	0.15022	0.16122	0.16122	0.26014	0.23083	0.24915	0.19786	0.20518	0.21618	0.2235	0.2345	0.2345	0.2345	0.24549	0.24915	0.26381	0.26747	0.24549	0.24549	0.2345	0.2345	0.2345	0.24915	0.25282	0.25282	0.25282	0.26381	0.27846	0.29312	0.29678	0.30045	0.30346	0.31086	0.31073
TCD	Chad	0.05496	0.051296	0.084272	0.0916	0.098928	0.10626	0.084272	0.11725	0.12458	0.16122	0.12458	0.15022	0.12091	0.16122	0.15022	0.1832	0.1832	0.19786	0.19419	0.20152	0.20885	0.20885	0.20518	0.20518	0.21618	0.17954	0.18686	0.19786	0.065952	0.10259	0.1429	0.065952	0.084272	0.0916	0.10259	0.10992	0.12458	0.1429	0.15022	0.16122	0.17587	0.17221	0.16854	0.38106	0.37739	0.39938	0.4067	0.46166	0.5093	0.49098	0.51662	0.53861	0.59569	0.68057	0.70713	0.71346	0.72897	0.72871
CHL	Chile	13.4765	14.4582	16.7074	17.337	17.5051	17.7473	18.7725	19.2383	21.2022	22.5315	24.6358	27.057	28.1416	27.5923	25.8833	22.9514	24.0342	23.0242	22.8507	24.7409	25.1146	24.3661	20.4878	20.6892	22.0228	21.3121	22.0437	22.4353	26.6314	32.0532	32.9467	30.9422	32.0579	34.163	37.6424	41.0901	47.6285	55.4503	56.8072	60.9073	58.1137	52.5766	54.4903	54.8842	59.0475	60.9471	63.9716	70.7069	70.8187	65.9199	71.3298	78.0838	79.7039	81.676	80.9771	81.1612	86.128	84.6032
CHN	China	778.9795	550.9585	439.3421	435.5176	435.7037	474.6806	521.4589	432.2236	467.8056	575.9447	770.1672	874.0164	928.894	965.6466	985.0852	1142.1019	1190.9645	1304.4028	1455.2575	1487.1131	1458.8867	1442.7823	1570.4683	1655.8105	1802.3171	1951.7732	2052.242	2191.053	2347.7635	2386.885	2420.3021	2538.924	2657.1124	2835.7955	3010.2422	3265.057	3408.3466	3414.5493	3265.9026	3258.1349	3349.2948	3426.1441	3782.4393	4452.3103	5125.8944	5771.1684	6377.748	6861.7507	7375.1899	7758.8118	8500.5427	9388.1992	9633.8993	9796.5272	9820.3605	9716.4678	9704.4794	9838.754
COL	Colombia	16.3905	18.1963	19.4195	21.2328	21.6829	22.8587	23.4742	24.6868	26.5728	28.0163	28.3701	30.2819	31.4261	33.6322	36.3965	35.8114	37.983	39.2445	41.5393	44.2727	44.1808	44.2677	45.6884	49.2189	48.7127	48.0917	48.7688	50.1394	52.0359	52.8119	56.9167	56.6553	61.5003	63.3367	66.7095	58.6203	59.4585	63.7712	64.6137	55.0275	56.2157	55.2515	54.8532	56.7282	54.5514	60.2508	62.1974	61.5715	67.2265	71.8516	75.3004	75.7431	79.3503	89.0001	83.4155	86.0223	86.373	81.2268
160	Comoros	0.010992	0.010992	0.010992	0.010992	0.010992	0.014656	0.01832	0.01832	0.01832	0.01832	0.029312	0.029312	0.029312	0.029312	0.029312	0.032976	0.040304	0.040304	0.029312	0.021984	0.047632	0.047632	0.047632	0.047632	0.047632	0.047632	0.043968	0.047632	0.051296	0.051296	0.062288	0.065952	0.065952	0.069616	0.069616	0.07328	0.076944	0.080608	0.087936	0.0916	0.10259	0.10259	0.10259	0.1319	0.1429	0.13923	0.16122	0.10259	0.10626	0.1319	0.16122	0.13557	0.1429	0.17587	0.15389	0.16791	0.18137	0.18948
COD	"Congo, Democratic Republic of the"	0.2235	0.26747	0.23816	0.2345	0.26747	0.24549	0.30778	0.32243	0.45067	0.50197	0.57158	0.68517	0.66318	1.2201	1.6232	1.0992	1.2348	0.47998	0.32243	0.34808	0.40553	0.47072	1.3431	1.1425	1.1395	1.2752	1.0624	1.3201	1.4929	1.4956	1.1794	0.99483	1.2683	1.3085	2.1391	1.5558	1.71	2.3393	0.77677	0.82074	1.0458	0.76578	0.57525	0.916	0.94898	0.97145	1.1066	1.2013	1.2963	1.7316	1.9694	2.2485	2.9508	3.0578	3.0411	3.2284	3.3742	3.4097
COG	"Congo, Republic of the"	0.2235	0.26747	0.23816	0.2345	0.26747	0.24549	0.30778	0.32243	0.45067	0.50197	0.57158	0.68517	0.66318	1.2201	1.6232	1.0992	1.2348	0.47998	0.32243	0.34808	0.40553	0.47072	1.3431	1.1425	1.1395	1.2752	1.0624	1.3201	1.4929	1.4956	1.1794	0.99483	1.2683	1.3085	2.1391	1.5558	1.71	2.3393	0.77677	0.82074	1.0458	0.76578	0.57525	0.916	0.94898	0.97145	1.1066	1.2013	1.2963	1.7316	1.9694	2.2485	2.9508	3.0578	3.0411	3.2284	3.3742	3.4097
CRI	Costa Rica	0.49098	0.49098	0.5496	0.6009	0.67406	0.84591	0.99247	0.87525	1.0364	1.1462	1.2487	1.527	1.7613	2.0434	1.9041	2.0358	2.0819	2.6074	2.912	2.781	2.4485	2.2362	2.0706	2.0888	1.9809	2.2425	2.5775	2.7239	2.9059	2.9333	2.912	3.2873	3.7412	3.891	5.2003	4.8019	4.6867	4.9167	5.2355	5.439	5.3945	5.6659	6.2264	6.5285	6.798	6.6872	6.9653	7.8917	7.9105	7.6793	7.428	7.5844	7.607	7.4312	7.5871	8.1721	8.5657	8.695
HRV	Croatia	5.7357	6.0123	6.1696	6.8633	7.7761	8.0008	7.9279	8.0077	8.5643	8.8796	11.6049	12.4997	11.7041	13.9744	14.0245	14.6225	15.0786	14.6458	16.3569	17.7831	17.4674	19.0014	17.4297	18.7713	19.7983	20.1929	21.0826	20.9396	21.6699	21.6171	23.442	17.3042	16.6325	17.1037	16.3612	17.0401	17.6292	18.6929	19.3982	20.2417	19.8157	20.9667	22.054	23.3863	23.0448	23.4895	23.7256	25.0562	23.7853	21.9955	21.2451	20.8017	19.243	18.5882	17.8507	17.9966	18.2215	17.1816
CUB	Cuba	13.6871	12.1683	14.1545	13.0259	14.279	14.5941	15.1694	15.7369	16.0195	17.2433	18.6541	19.5884	20.7763	22.3736	22.8853	27.0356	27.181	29.345	30.619	31.6321	31.3043	32.6273	34.4206	30.697	32.4373	32.4051	33.3752	33.7334	35.3987	35.513	33.1166	29.5512	31.133	29.2841	32.1468	25.5862	26.8725	24.5091	24.3574	25.183	25.9442	25.3322	25.9656	25.3551	24.866	25.8476	27.2282	26.5974	30.246	29.7052	38.1722	35.7718	35.9269	34.589	34.6331	36.0008	36.6665	36.5042
CYP	Cyprus	0.88633	0.86432	0.90462	0.98523	0.99997	1.1501	1.2417	1.3623	1.6222	1.6698	1.7027	1.8835	2.4059	2.5035	1.9287	1.9906	2.4873	2.6989	2.8445	3.0448	3.2599	3.095	3.1564	3.1506	3.2338	3.1444	3.6052	4.184	4.1966	4.4285	4.6431	5.1318	5.5072	5.7514	5.994	5.8643	6.2145	6.3012	6.5938	6.8608	7.1089	6.9822	7.1708	7.5602	7.7878	7.9722	8.1608	8.4726	8.6342	8.3826	8.0179	7.7002	7.1699	6.4949	6.8785	6.9029	7.3078	7.5147
CZE	Czech Republic	99.0507	107.5063	114.5653	120.5164	125.4239	122.2111	121.5214	121.2679	126.8758	134.693	154.4275	161.9773	163.4475	164.0931	165.9676	173.6344	180.3761	185.7569	187.415	182.4977	184.6102	182.572	180.7746	180.9967	187.0944	184.5288	185.7822	184.2618	181.2088	175.1796	164.2274	148.5125	144.0742	137.9627	131.5325	131.9721	134.6487	130.8497	125.1257	116.4416	126.8969	126.6664	123.598	127.0484	127.7593	125.2945	126.3803	128.1807	122.9339	115.2553	117.4956	115.0233	110.9141	106.4012	104.0603	104.7846	106.5433	107.8958
DNK	Denmark	29.7495	31.7019	36.8899	40.6679	43.1469	44.2934	50.0784	49.0264	53.2727	59.3426	62.0393	57.0095	59.5939	59.2218	55.0415	55.7446	60.1024	61.8174	61.0959	62.9776	60.3479	51.7726	53.6839	50.1673	50.8559	60.0646	58.9063	58.3456	55.1115	48.8078	53.6009	64.2209	58.4134	60.6534	64.7152	61.6285	74.8775	65.4696	61.2294	58.6495	54.3076	55.8808	55.5517	60.6353	55.1101	51.5321	59.4389	54.6571	51.2106	48.8235	49.2923	44.3155	39.8809	41.8251	37.6235	35.3151	37.1173	34.5501
DJI	Djibouti	0.040304	0.043968	0.047632	0.065952	0.084272	0.12091	0.13923	0.087936	0.12091	0.084272	0.13923	0.16122	0.19053	0.17954	0.19419	0.19786	0.19786	0.19786	0.20152	0.36274	0.34808	0.30045	0.34808	0.34808	0.35174	0.35907	0.37739	0.38838	0.34808	0.38838	0.32243	0.31144	0.31144	0.31144	0.30411	0.30411	0.31144	0.3261	0.3151	0.3151	0.34075	0.3664	0.39938	0.42136	0.4067	0.41403	0.41037	0.46166	0.4983	0.46166	0.51662	0.47266	0.51662	0.59218	0.68269	0.74049	0.78823	0.81701
DOM	Dominican Republic	0.010992	0.010992	0.010992	0.014656	0.014656	0.014656	0.014656	0.021984	0.021984	0.01832	0.025648	0.025648	0.025648	0.025648	0.029312	0.029312	0.029312	0.025648	0.025648	0.032976	0.03664	0.03664	0.040304	0.040304	0.043968	0.047632	0.047632	0.047632	0.05496	0.058624	0.058624	0.058624	0.058624	0.062288	0.065952	0.080608	0.07328	0.080608	0.076944	0.080608	0.10259	0.10992	0.10259	0.11725	0.11358	0.11725	0.11358	0.15389	0.1319	0.1319	0.13923	0.12824	0.13557	0.1319	0.13557	0.14153	0.14427	0.14425
DOM	Dominican Republic	1.0399	0.010992	1.0286	0.010992	1.2411	0.014656	1.2485	0.014656	1.7465	0.014656	1.5453	0.014656	1.6697	0.021984	1.5669	0.021984	2.3473	0.01832	2.6512	0.025648	3.1051	0.025648	3.5187	0.025648	4.6689	0.025648	5.959	0.029312	6.4096	0.029312	6.3327	0.029312	6.3223	0.025648	5.5989	0.025648	5.4303	0.032976	6.7856	0.03664	6.427	0.03664	6.1352	0.040304	6.3035	0.040304	7.8656	0.043968	7.3905	0.047632	7.2415	0.047632	8.1211	0.047632	9.6873	0.05496	9.7398	0.058624	10.2579	0.058624	9.1517	0.058624	9.9526	0.058624	10.8223	0.062288	11.6672	0.065952	12.3768	0.080608	15.7714	0.07328	17.1977	0.080608	17.8569	0.076944	18.2485	0.080608	18.3839	0.10259	19.5937	0.10992	19.5938	0.10259	21.0743	0.11725	21.2599	0.11358	18.0697	0.11725	18.3802	0.11358	19.4204	0.15389	20.7564	0.1319	20.269	0.1319	19.8137	0.13923	20.5744	0.12824	20.7807	0.13557	21.6513	0.1319	20.9578	0.13557	20.9911	0.14153	21.4711	0.14427	21.7823	0.14425	21.2688
DOM	Dominica	0.010992	0.010992	0.010992	0.014656	0.014656	0.014656	0.014656	0.021984	0.021984	0.01832	0.025648	0.025648	0.025648	0.025648	0.029312	0.029312	0.029312	0.025648	0.025648	0.032976	0.03664	0.03664	0.040304	0.040304	0.043968	0.047632	0.047632	0.047632	0.05496	0.058624	0.058624	0.058624	0.058624	0.062288	0.065952	0.080608	0.07328	0.080608	0.076944	0.080608	0.10259	0.10992	0.10259	0.11725	0.11358	0.11725	0.11358	0.15389	0.1319	0.1319	0.13923	0.12824	0.13557	0.1319	0.13557	0.14153	0.14427	0.14425
DOM	Dominican Republic	0.010992	0.010992	0.010992	0.014656	0.014656	0.014656	0.014656	0.021984	0.021984	0.01832	0.025648	0.025648	0.025648	0.025648	0.029312	0.029312	0.029312	0.025648	0.025648	0.032976	0.03664	0.03664	0.040304	0.040304	0.043968	0.047632	0.047632	0.047632	0.05496	0.058624	0.058624	0.058624	0.058624	0.062288	0.065952	0.080608	0.07328	0.080608	0.076944	0.080608	0.10259	0.10992	0.10259	0.11725	0.11358	0.11725	0.11358	0.15389	0.1319	0.1319	0.13923	0.12824	0.13557	0.1319	0.13557	0.14153	0.14427	0.14425
DOM	Dominican Republic	1.0399	0.010992	1.0286	0.010992	1.2411	0.014656	1.2485	0.014656	1.7465	0.014656	1.5453	0.014656	1.6697	0.021984	1.5669	0.021984	2.3473	0.01832	2.6512	0.025648	3.1051	0.025648	3.5187	0.025648	4.6689	0.025648	5.959	0.029312	6.4096	0.029312	6.3327	0.029312	6.3223	0.025648	5.5989	0.025648	5.4303	0.032976	6.7856	0.03664	6.427	0.03664	6.1352	0.040304	6.3035	0.040304	7.8656	0.043968	7.3905	0.047632	7.2415	0.047632	8.1211	0.047632	9.6873	0.05496	9.7398	0.058624	10.2579	0.058624	9.1517	0.058624	9.9526	0.058624	10.8223	0.062288	11.6672	0.065952	12.3768	0.080608	15.7714	0.07328	17.1977	0.080608	17.8569	0.076944	18.2485	0.080608	18.3839	0.10259	19.5937	0.10992	19.5938	0.10259	21.0743	0.11725	21.2599	0.11358	18.0697	0.11725	18.3802	0.11358	19.4204	0.15389	20.7564	0.1319	20.269	0.1319	19.8137	0.13923	20.5744	0.12824	20.7807	0.13557	21.6513	0.1319	20.9578	0.13557	20.9911	0.14153	21.4711	0.14427	21.7823	0.14425	21.2688
ECU	Ecuador	1.7616	1.6442	1.5637	1.7943	2.1423	2.274	2.4167	2.5889	3.1126	3.5889	4.2782	4.2194	4.589	5.2559	6.0836	7.3549	8.1006	7.4722	10.4064	12.1405	13.4072	16.6528	19.2351	19.5026	21.1895	19.3527	15.1941	15.0223	17.1686	20.1537	16.7106	16.3776	22.1573	24.0874	13.5385	22.6979	24.0255	18.2051	22.3147	21.365	20.5626	22.9395	24.7531	26.7479	28.7858	29.9701	28.5246	31.494	33.325	35.5032	35.8841	37.9735	37.4605	40.2522	43.197	41.8744	39.7539	38.7973
EGY	Egypt	16.0327	17.0659	18.5711	21.5269	25.4912	27.6095	26.5322	19.6499	22.8726	19.6648	21.654	23.0124	25.475	23.7611	26.0891	31.0599	34.4505	37.8151	39.261	42.8895	45.176	50.9027	56.4312	56.9805	63.7043	63.8072	74.3929	74.6135	74.3095	71.9046	75.622	78.3207	80.8261	92.7026	84.8349	95.1669	101.4085	107.512	121.4653	124.4974	140.3476	124.2928	125.7814	146.462	149.1437	165.0417	176.0195	185.9052	195.2854	202.7097	198.8077	213.271	211.9927	208.4508	197.1015	200.4222	208.9113	218.6644
SLV	El Salvador	0.61886	0.58228	0.64826	1.1245	1.2307	1.0402	1.3038	1.1573	1.2598	1.1902	1.4283	1.5088	1.6772	1.9666	1.97	2.1055	2.2067	2.2817	2.3814	2.3767	2.1194	1.8187	1.7521	1.8854	1.5883	1.9653	1.9675	2.4145	2.4331	2.5472	2.4672	3.1239	3.2875	3.7334	4.5322	4.9616	4.499	5.3983	5.7317	5.6201	5.6609	5.8544	5.9308	6.4343	6.2537	6.3493	6.7206	6.8459	6.4086	6.3126	6.317	6.5005	6.5057	6.0936	6.1695	6.5379	6.8343	6.992
GNQ	Equatorial Guinea	0.021984	0.41037	0.021984	0.61555	0.021984	0.65952	0.025648	0.69616	0.025648	0.69982	0.029312	0.69616	0.025648	0.71814	0.025648	0.72547	0.029312	0.74746	0.043968	0.74746	0.03664	0.79142	0.065952	0.81341	0.087936	0.83173	0.029312	0.80242	0.051296	0.83906	0.062288	0.84272	0.062288	0.88669	0.062288	0.90134	0.069616	0.90134	0.062288	0.94531	0.058624	0.96363	0.069616	0.98928	0.07328	0.98195	0.062288	0.95264	0.080608	0.97829	0.065952	0.99294	0.080608	0.99661	0.098928	0.99294	0.10626	1.0259	0.11725	1.0442	0.065952	1.0039	0.1429	1.0259	0.15755	1.0589	0.098928	1.0882	0.032976	1.2269	0.12824	1.267	0.11358	1.3395	0.28946	1.3943	0.16488	1.4763	0.46533	1.5517	0.45434	1.6131	3.0924	1.6882	4.9757	1.7677	6.0126	1.844	5.2139	1.9057	4.7082	1.8247	4.7522	1.8906	4.7925	1.9676	4.4994	2.1439	4.6166	2.2266	4.6753	2.5749	6.1225	2.7347	5.1113	2.5428	5.1589	2.2564	5.3421	2.3921	5.8365	2.4453	6.4583	2.6017	6.7149	2.9047
EST	Estonia	10.2217	10.5411	11.0633	11.8646	12.618	13.3852	14.1353	14.7805	15.1957	15.8253	16.6451	17.672	18.602	19.3971	20.1458	21.1868	22.0053	22.7569	23.5402	23.7363	24.6728	24.2127	24.6732	25.0327	25.2632	27.2464	27.327	28.4808	29.2669	28.6605	37.069	34.0377	24.5146	19.066	19.901	18.204	18.9254	18.4823	16.9096	15.7271	15.3622	15.7079	15.2333	17.0872	17.2866	17.1363	16.4392	20.0716	17.8727	14.6091	19.0149	19.0972	17.9381	19.6956	18.9038	15.8911	17.4935	19.8093
ETH	Ethiopia	0.35163	0.34063	0.39553	0.42121	0.40653	0.64448	0.82398	1.073	1.725	1.6664	1.6517	1.8495	1.4062	1.7509	1.7363	1.2085	1.1747	1.0468	1.3685	1.8441	1.8175	1.86	1.4739	1.8348	1.6503	1.7987	2.1952	2.5544	2.6401	2.7941	2.9858	2.9571	2.9373	2.9948	2.1969	2.5057	2.7947	2.9793	3.1474	3.095	3.4638	4.2634	4.4305	4.8711	5.1586	4.9551	5.3169	5.8284	6.3651	6.433	6.3957	7.479	8.1495	10.0802	10.9911	12.3814	12.9419	13.3962
FJI	Fiji	0.19419	0.16854	0.23083	0.24182	0.42491	0.34427	0.32225	0.35523	0.3955	0.43214	0.52005	0.54927	0.57856	0.62985	0.67019	0.62258	0.483	0.76463	0.70908	0.83646	0.79242	1.0772	0.83512	0.70893	0.57721	0.57299	0.59809	0.472	0.54977	0.6252	0.80606	0.66312	0.74003	0.74366	0.7386	0.75389	0.81317	0.78244	0.7611	0.77502	0.8336	1.046	0.87945	1.0361	1.34	1.081	1.2014	1.1411	0.87776	0.77856	1.2012	1.0679	1.0411	1.1292	1.1465	1.2507	1.2641	1.3444
FIN	Finland	15.0869	14.9217	16.7903	19.3365	22.8277	25.3001	29.4888	28.5877	33.2815	37.8968	40.355	40.5368	44.1061	49.3202	46.6085	46.0258	51.1986	50.1371	51.8252	54.2372	58.1395	51.4035	42.9768	41.4637	42.1474	49.5494	53.2147	57.5337	52.0584	52.4483	56.967	55.2253	54.2805	56.3485	61.7116	58.1416	64.0584	62.7183	59.3751	58.8983	57.0415	62.5393	65.0618	72.6584	68.9616	57.045	68.3798	66.7557	58.6088	55.8182	63.9918	56.5441	51.1119	51.9016	47.7997	44.3461	47.9264	45.956
FRA	France	271.3608	281.3733	298.8665	334.2264	345.5381	352.1116	347.6048	372.4753	385.101	413.7595	439.6251	463.1427	481.6113	517.5783	500.0189	447.806	506.6836	481.9868	506.8283	530.3821	506.1981	455.6122	438.0107	423.9521	407.301	402.4593	387.4211	379.6927	374.6584	392.9411	403.1017	428.6495	418.4452	398.6448	393.3949	400.5639	416.1896	409.4499	429.789	425.6747	420.6527	425.8825	420.9195	428.0028	428.9277	432.6393	422.1013	412.8984	406.7908	386.9421	397.9005	372.7926	374.1126	374.2586	343.5726	348.1637	350.1047	356.3007
179	French Polynesia	0.03664	0.058624	0.047632	0.065952	0.065952	0.084272	0.12091	0.13923	0.15389	0.16122	0.19419	0.22717	0.21618	0.20885	0.21618	0.21251	0.26381	0.2748	0.31144	0.28213	0.29312	0.32976	0.33709	0.42136	0.458	0.58624	0.60456	0.60822	0.57158	0.54227	0.43602	0.43235	0.41403	0.42502	0.43968	0.42869	0.43235	0.45067	0.44701	0.49464	0.56792	0.67784	0.70715	0.76944	0.76211	0.82074	0.8244	0.81707	0.84272	0.84638	0.85738	0.83173	0.81341	0.82074	0.80242	0.87566	0.88569	0.94568
GAB	Gabon	0.1319	0.16488	0.087936	0.07328	0.19053	0.21618	0.38106	1.0113	1.9602	1.4326	2.0812	2.8433	2.737	5.3091	5.4484	5.3641	5.7038	6.3065	7.5549	6.7468	6.6247	6.564	6.5436	5.5086	5.9795	6.2985	4.9508	4.0095	4.3207	5.7575	4.4854	4.522	4.9176	4.9748	4.3745	4.6063	4.7537	4.7742	4.9573	4.787	4.6699	4.773	4.544	4.6132	4.6567	4.8579	4.1424	4.0893	4.1437	4.2183	4.7823	4.942	5.0773	5.2577	5.1695	5.2871	5.4761	5.5264
GMB	"Gambia, The"	0.01832	0.021984	0.025648	0.029312	0.029312	0.029312	0.032976	0.032976	0.03664	0.047632	0.047632	0.05496	0.065952	0.062288	0.062288	0.098928	0.098928	0.11358	0.13923	0.14656	0.15755	0.15755	0.16122	0.16122	0.17221	0.17221	0.16122	0.17954	0.1832	0.17954	0.17587	0.17954	0.17954	0.18686	0.18686	0.19786	0.19786	0.19786	0.21251	0.23083	0.24549	0.25282	0.28946	0.28946	0.29312	0.29312	0.30778	0.35174	0.3664	0.38106	0.43235	0.44701	0.45434	0.43235	0.51296	0.51672	0.55225	0.62219
GEO	Georgia	6.5641	6.7692	7.1044	7.619	8.1028	8.5954	9.0771	9.4914	9.758	10.1624	10.6888	11.3468	11.9425	12.4513	12.9301	13.5963	14.1156	14.5917	15.0885	15.2094	15.8043	15.5022	15.7935	16.0166	16.1576	17.4248	17.4677	18.2008	18.6977	18.3009	17.1532	16.539	15.277	9.9163	6.069	2.2914	4.0551	4.4251	4.9386	4.3097	4.4994	3.7338	3.3514	3.7355	4.2762	5.017	6.0961	6.3648	5.1104	6.1349	6.2091	7.7854	8.2474	7.6643	8.7908	9.4636	9.8389	10.9517
DEU	Germany	813.9502	834.8396	883.1686	945.498	968.9175	960.1022	951.422	936.2294	984.7908	1052.0008	1026.0223	1037.2361	1041.4795	1085.7363	1062.7243	1002.4439	1090.8366	1052.6041	1079.1273	1117.8822	1100.0595	1048.5166	1015.7269	1011.5972	1033.2367	1044.1101	1047.4633	1032.4339	1029.0144	1012.7496	1052.9975	1014.9723	966.7058	956.9942	940.408	940.0867	960.1743	932.3474	924.4045	896.8827	900.9601	917.4768	900.9551	901.9699	887.9965	867.2235	878.7471	852.0962	854.421	789.9635	833.6849	810.8023	815.1974	832.643	793.6358	797.0782	801.753	799.3732
GHA	Ghana	1.4619	1.3447	1.4326	1.7221	1.6488	1.7038	1.44	1.4949	1.7615	1.6875	2.6216	2.2915	2.4202	2.4714	2.9328	2.7416	2.4266	2.9915	2.9574	2.6492	2.5481	3.0299	3.0284	3.639	2.5671	3.3017	3.0303	3.2636	3.4112	3.295	3.7548	3.8652	3.8881	4.4352	4.8286	5.1542	5.4686	6.2042	6.2459	6.3695	6.1005	6.7326	7.2315	7.4373	7.1521	6.8034	9.16	9.6193	8.9259	7.4978	9.7107	9.5335	11.5198	14.2811	14.122	14.4475	15.1037	16.7648
GRC	Greece	9.3915	9.8084	10.1488	12.2395	13.2016	16.999	18.6206	19.5042	22.2863	25.4343	24.1262	27.7495	31.4773	37.1311	36.0617	38.6696	42.6554	46.6569	47.6778	50.8183	50.8883	50.1249	51.5082	54.7887	56.2843	59.7712	58.2737	62.5756	67.051	73.23	83.3754	83.3509	84.9158	84.2295	86.392	86.9456	89.0986	93.8042	98.6248	97.9417	102.9823	105.369	105.0114	109.0832	109.53	113.9251	112.4649	114.5826	111.1125	104.3405	97.343	94.5317	91.4178	81.7226	78.6558	74.9625	71.3731	76.0004
GRL	Greenland	0.2235	0.29312	0.26381	0.32976	0.3151	0.34442	0.38838	0.4177	0.54227	0.4067	0.38106	0.46899	0.55326	0.55693	0.55693	0.50563	0.21984	0.72181	0.39205	0.57158	0.56426	0.52762	0.51662	0.36274	0.56792	0.5093	0.3261	0.2345	0.54594	0.47266	0.55326	0.54594	0.47998	0.4983	0.50197	0.50197	0.51662	0.52029	0.52762	0.53861	0.53128	0.53861	0.53861	0.53128	0.58258	0.60822	0.62654	0.63754	0.65952	0.57525	0.66318	0.70715	0.56792	0.55326	0.50563	0.52269	0.56022	0.56973
190	Grenada	0.021984	0.01832	0.025648	0.014656	0.021984	0.021984	0.029312	0.03664	0.040304	0.047632	0.043968	0.047632	0.047632	0.05496	0.03664	0.047632	0.047632	0.047632	0.051296	0.047632	0.047632	0.058624	0.062288	0.062288	0.062288	0.062288	0.065952	0.07328	0.095264	0.10259	0.10626	0.10992	0.11725	0.12091	0.1429	0.15022	0.15389	0.16854	0.17587	0.19419	0.19053	0.19419	0.20518	0.21618	0.20518	0.21618	0.23083	0.23816	0.25282	0.25282	0.26014	0.25282	0.27114	0.30411	0.24182	0.25723	0.26963	0.27623
GTM	Guatemala	1.3442	1.4065	1.3809	1.5199	1.769	1.9739	1.7396	1.9813	2.1391	2.2781	2.2964	2.4393	2.7066	2.9336	3.0655	3.5195	3.3049	3.8045	4.1171	4.678	4.4926	3.9495	3.6068	3.1599	3.4011	3.4968	3.6646	3.9184	4.0752	4.1882	4.9701	4.9521	5.9179	5.5772	6.7508	7.0793	6.5703	7.5016	8.6394	8.807	9.7658	10.4677	10.9305	10.6568	11.4251	12.3498	12.4171	12.3717	11.1679	11.6875	11.3615	11.5205	11.6466	13.2967	17.9254	19.8033	20.9371	20.878
PNG	Papua New Guinea	0.17954	0.61555	0.20152	0.65952	0.19786	0.69616	0.25648	0.69982	0.26747	0.69616	0.30411	0.71814	0.34075	0.72547	0.43602	0.74746	0.50197	0.74746	0.55693	0.79142	0.6925	0.81341	0.8244	0.83173	1.2677	0.80242	1.3447	0.83906	1.5865	0.84272	1.5316	0.88669	1.5719	0.90134	1.5792	0.90134	1.6744	0.94531	1.7954	0.96363	1.8283	0.98928	1.9309	0.98195	1.9456	0.95264	2.0079	0.97829	2.0445	0.99294	2.1251	0.99661	2.0628	0.99294	2.334	1.0259	2.1984	1.0442	2.0335	1.0039	2.1398	1.0259	2.0628	1.0589	2.0518	1.0882	1.9932	1.2269	2.1801	1.267	2.0592	1.3395	2.1874	1.3943	2.5758	1.4763	2.8616	1.5517	2.4439	1.6131	2.6637	1.6882	3.206	1.7677	3.4845	1.844	3.9425	1.9057	4.4847	1.8247	4.3821	1.8906	4.3052	1.9676	6.1152	2.1439	4.7925	2.2266	5.0893	2.5749	4.7364	2.7347	5.3	2.5428	5.0506	2.2564	6.1581	2.3921	6.2899	2.4453	6.8769	2.6017	6.9366	2.9047	7.3875
GNB	Guinea-Bissau	0.01832	0.61555	0.029312	0.65952	0.040304	0.69616	0.047632	0.69982	0.058624	0.69616	0.065952	0.71814	0.065952	0.72547	0.047632	0.74746	0.062288	0.74746	0.058624	0.79142	0.069616	0.81341	0.07328	0.83173	0.065952	0.80242	0.10992	0.83906	0.10259	0.84272	0.11358	0.88669	0.095264	0.90134	0.10259	0.90134	0.10259	0.94531	0.10992	0.96363	0.14656	0.98928	0.1429	0.98195	0.1429	0.95264	0.1429	0.97829	0.16122	0.99294	0.17221	0.99661	0.1832	0.99294	0.19419	1.0259	0.21618	1.0442	0.23083	1.0039	0.17221	1.0259	0.17587	1.0589	0.17954	1.0882	0.1832	1.2269	0.1832	1.267	0.1832	1.3395	0.1832	1.3943	0.20152	1.4763	0.17221	1.5517	0.19419	1.6131	0.14656	1.6882	0.15022	1.7677	0.15389	1.844	0.19419	1.9057	0.20152	1.8247	0.21251	1.8906	0.21618	1.9676	0.23083	2.1439	0.22717	2.2266	0.2345	2.5749	0.23816	2.7347	0.24549	2.5428	0.25282	2.2564	0.25648	2.3921	0.27114	2.4453	0.27458	2.6017	0.2939	2.9047	0.33133
GNQ	Equatorial Guinea	0.021984	0.41037	0.021984	0.61555	0.021984	0.65952	0.025648	0.69616	0.025648	0.69982	0.029312	0.69616	0.025648	0.71814	0.025648	0.72547	0.029312	0.74746	0.043968	0.74746	0.03664	0.79142	0.065952	0.81341	0.087936	0.83173	0.029312	0.80242	0.051296	0.83906	0.062288	0.84272	0.062288	0.88669	0.062288	0.90134	0.069616	0.90134	0.062288	0.94531	0.058624	0.96363	0.069616	0.98928	0.07328	0.98195	0.062288	0.95264	0.080608	0.97829	0.065952	0.99294	0.080608	0.99661	0.098928	0.99294	0.10626	1.0259	0.11725	1.0442	0.065952	1.0039	0.1429	1.0259	0.15755	1.0589	0.098928	1.0882	0.032976	1.2269	0.12824	1.267	0.11358	1.3395	0.28946	1.3943	0.16488	1.4763	0.46533	1.5517	0.45434	1.6131	3.0924	1.6882	4.9757	1.7677	6.0126	1.844	5.2139	1.9057	4.7082	1.8247	4.7522	1.8906	4.7925	1.9676	4.4994	2.1439	4.6166	2.2266	4.6753	2.5749	6.1225	2.7347	5.1113	2.5428	5.1589	2.2564	5.3421	2.3921	5.8365	2.4453	6.4583	2.6017	6.7149	2.9047
GNB	Guinea-Bissau	0.01832	0.61555	0.029312	0.65952	0.040304	0.69616	0.047632	0.69982	0.058624	0.69616	0.065952	0.71814	0.065952	0.72547	0.047632	0.74746	0.062288	0.74746	0.058624	0.79142	0.069616	0.81341	0.07328	0.83173	0.065952	0.80242	0.10992	0.83906	0.10259	0.84272	0.11358	0.88669	0.095264	0.90134	0.10259	0.90134	0.10259	0.94531	0.10992	0.96363	0.14656	0.98928	0.1429	0.98195	0.1429	0.95264	0.1429	0.97829	0.16122	0.99294	0.17221	0.99661	0.1832	0.99294	0.19419	1.0259	0.21618	1.0442	0.23083	1.0039	0.17221	1.0259	0.17587	1.0589	0.17954	1.0882	0.1832	1.2269	0.1832	1.267	0.1832	1.3395	0.1832	1.3943	0.20152	1.4763	0.17221	1.5517	0.19419	1.6131	0.14656	1.6882	0.15022	1.7677	0.15389	1.844	0.19419	1.9057	0.20152	1.8247	0.21251	1.8906	0.21618	1.9676	0.23083	2.1439	0.22717	2.2266	0.2345	2.5749	0.23816	2.7347	0.24549	2.5428	0.25282	2.2564	0.25648	2.3921	0.27114	2.4453	0.27458	2.6017	0.2939	2.9047	0.33133
GUY	Guyana	0.65952	0.73646	0.67784	0.61555	0.64853	1.0772	1.1798	1.3227	1.33	1.3667	1.5792	1.4986	1.5609	1.8027	1.5535	1.8247	1.7514	1.898	2.0555	1.5206	1.788	1.799	1.4033	1.2458	1.4033	1.418	1.0442	1.308	1.4033	1.1835	1.1322	1.1139	1.0442	1.0442	1.385	1.4619	1.5169	1.5902	1.6561	1.6781	1.6085	1.5938	1.5792	1.5645	1.6268	1.4363	1.2897	1.5609	1.5572	1.5645	1.7184	1.7807	1.9932	1.9346	2.0079	2.0179	2.0527	2.0766
HTI	Haiti	0.28558	0.29661	0.30387	0.24894	0.30021	0.30393	0.30396	0.26	0.26363	0.3149	0.38448	0.40274	0.39172	0.42091	0.47209	0.48302	0.67218	0.70414	0.75064	0.7499	0.74507	0.75893	0.8173	0.88603	0.90315	0.92952	0.83022	0.89879	1.0077	1.0231	0.9797	0.9798	0.89521	0.65615	0.30045	0.90134	1.0332	1.3667	1.2311	1.33	1.3667	1.5527	1.8022	1.7097	1.9604	2.0474	2.0841	2.361	2.3658	2.237	2.0934	2.1843	2.2789	2.3705	2.8246	2.9436	2.9984	2.9979
HND	Honduras	0.6154	0.73629	0.69959	0.71058	0.72151	0.75073	0.80566	0.87525	1.2232	1.1756	1.388	1.3294	1.5344	1.5086	1.5563	1.6659	1.7749	1.9974	2.0437	1.9262	2.0443	1.812	1.7531	1.9824	1.9635	1.8894	1.8286	2.1485	2.4699	2.6856	2.5468	2.6502	3.0302	2.7977	3.2917	3.8265	3.8907	4.0813	4.5822	4.6675	4.9342	5.6089	5.9902	6.6606	7.2434	7.4265	6.8487	8.5984	8.4847	7.681	7.8007	8.7735	8.7871	8.871	9.2762	10.0552	10.5762	10.6691
HKG	Hong Kong	2.9526	3.3701	3.6815	4.2457	4.2201	4.8025	5.1616	6.0521	6.198	7.7515	8.3925	9.1506	9.2756	9.2865	10.6673	11.008	12.4904	14.2039	15.7141	15.8376	16.6002	18.6167	19.6228	20.9121	22.2248	22.8814	25.5259	28.0856	29.2848	30.1412	27.1471	28.4627	32.9171	34.7782	31.079	31.2664	28.9096	30.4975	38.924	42.55	40.2839	37.8018	39.485	43.2034	41.5683	43.7313	41.9137	43.5724	43.7764	41.9828	40.4741	43.5746	43.1859	44.7636	45.9633	42.702	43.2359	43.0326
HUN	Hungary	45.3283	48.9299	50.5122	56.2278	62.3412	61.2341	61.6729	58.7708	61.0932	62.3582	69.9346	69.2094	69.3544	72.9817	74.0102	75.2883	79.8972	83.075	88.0462	86.0818	86.709	86.4616	86.7136	88.9749	90.6862	85.947	83.2407	84.1364	78.0549	75.9172	73.4555	69.7773	62.4088	63.5397	61.8827	61.6129	63.177	61.7559	61.3483	61.8282	58.5517	60.1717	59.1628	61.9368	60.4062	60.5	59.8394	58.5223	57.4382	51.7811	52.1205	50.358	46.8085	43.7677	43.9154	46.6652	47.5782	50.3447
ISL	Iceland	1.2125	1.0916	1.1977	1.304	1.3076	1.3955	1.4944	1.4431	1.5934	1.2637	1.3883	1.4721	1.4826	1.7497	1.738	1.6129	1.7007	1.902	1.9201	1.9822	1.861	1.747	1.5928	1.5415	1.8086	1.6214	1.779	1.8435	1.8395	1.8949	2.2374	2.1177	2.263	2.421	2.3619	2.4651	2.5201	2.6156	2.6355	2.8413	2.934	2.8627	2.9879	2.9797	3.1012	2.9689	3.147	3.4939	3.7949	3.7311	3.6209	3.4864	3.4887	3.4818	3.4618	3.5364	3.49	3.48
IND	India	120.576	130.3929	143.4518	154.0682	150.639	165.9614	171.6884	172.0931	187.1046	190.4004	194.729	205.3295	217.1819	223.6023	231.1847	251.1933	262.5318	277.6483	281.5392	295.299	312.4849	337.1052	347.8156	376.6763	385.9288	424.256	455.0665	486.0673	525.0817	576.4045	616.5791	656.7409	698.7569	722.8943	764.242	811.4608	878.827	915.0493	933.5493	995.2331	1029.6378	1035.6407	1047.5957	1091.873	1145.5452	1210.1457	1287.1492	1390.2535	1547.991	1720.1206	1700.0274	1817.1716	1983.7588	1997.8786	2207.5339	2276.4072	2377.4479	2466.7654
IDN	Indonesia	21.3852	26.0016	22.9749	22.7631	22.3743	24.6682	23.375	24.54	27.5626	33.3622	35.7914	38.9554	43.3065	49.0986	51.2272	53.9337	61.7906	82.4205	93.9446	95.1462	94.8856	100.3136	105.6036	105.207	112.4873	121.6304	122.2043	123.9224	132.7693	131.7319	150.3454	180.6953	203.6594	219.8563	222.9676	226.6699	255.2071	280.8965	216.1049	244.1016	265.9832	297.7706	307.5782	316.8542	340.0765	343.5799	346.6997	377.1226	417.792	447.3011	427.7895	601.3254	633.145	486.13	460.0157	459.6288	464.8568	486.8438
IRN	Iran	37.3586	36.5088	37.4284	41.3049	47.5191	53.7184	64.1034	67.8809	82.3296	83.0387	91.7875	101.6278	106.0152	129.4753	143.7754	139.214	156.4591	163.7319	162.1039	163.6733	120.5645	112.5286	137.515	149.2134	149.9427	159.9471	147.536	158.6074	175.1078	190.098	209.2383	225.9542	226.957	235.5766	263.5204	271.1475	274.0078	267.0993	306.0063	379.627	369.2635	394.9314	397.7983	413.9935	442.0897	463.53	503.7906	513.3138	534.9101	546.885	564.0345	579.04	600.6803	608.9629	639.1113	630.3618	637.5622	672.3123
IRQ	Iraq	8.2562	8.7092	9.0208	9.3834	9.064	19.2931	27.6761	18.373	19.6957	22.6013	23.8838	28.8319	29.5205	30.6127	30.9095	33.1203	48.7355	43.6295	42.1931	52.8231	45.3582	31.9015	30.3744	38.4651	39.771	44.1964	47.2296	52.1837	67.1274	72.2418	46.8438	45.1853	58.8893	63.1298	71.0892	74.0842	69.2844	68.0788	72.1015	71.6813	71.7154	84.5559	86.3209	90.7866	113.635	112.9804	98.1811	61.4918	92.167	103.4891	110.9853	132.8301	151.0926	163.5704	166.368	167.7119	184.9387	194.4546
IRL	Ireland	11.1685	12.3526	13.1067	13.4473	14.2161	13.7174	15.0949	16.3948	17.8016	18.4944	19.3937	22.4761	22.0363	22.8462	23.293	22.0474	22.293	23.5683	23.5791	27.402	26.2708	26.0607	25.5656	25.728	25.5487	26.749	28.5495	30.2254	29.8825	30.0599	32.8779	33.6067	33.418	33.6492	34.7722	35.7944	37.411	38.7524	40.6501	42.3778	45.194	47.5574	46.0346	45.6391	46.1297	48.1046	47.5502	47.6229	47.3001	42.1085	41.6795	38.0093	38.1948	37.1828	36.6816	38.4436	39.9281	39.7384
ISR	Israel	6.46	7.0608	7.9324	8.1996	9.1373	12.9288	13.5814	13.5279	13.7942	14.8009	16.5594	16.2189	16.8909	19.2612	19.3689	19.5404	19.4967	19.7658	21.0316	20.8643	20.9845	21.0175	23.8547	23.7088	23.4984	24.6128	26.3481	27.0687	29.7023	31.394	35.8231	36.1486	42.083	44.2343	47.4745	49.8652	51.9358	54.8639	56.0093	54.7545	59.5194	63.0224	59.2997	62.4147	58.6791	56.524	62.1491	62.7999	67.9803	63.8609	68.2869	68.5947	74.7845	65.9971	63.5507	66.0959	65.1682	66.5534
ITA	Italy	109.2031	124.3749	146.255	164.5562	175.7211	189.5284	213.9823	234.1297	249.1722	269.661	296.3645	311.0492	328.2375	353.3492	358.2531	341.0526	365.7957	354.4179	371.2742	385.2559	386.4334	375.3006	366.8796	358.4096	364.6016	368.983	363.1882	380.0993	385.963	404.7427	439.9441	440.0944	439.2104	431.601	425.4906	451.9789	444.5616	449.4656	460.2403	464.6015	470.7677	476.2019	477.7093	491.4807	495.5278	495.234	489.75	480.4916	468.0621	415.9324	424.8732	413.4315	391.9904	363.3999	348.4762	355.4832	350.323	355.4542
JAM	Jamaica	1.4684	2.1279	2.117	2.3955	4.0622	2.9886	3.516	3.8642	3.8785	4.2669	4.9886	5.7472	6.2824	8.2904	7.5944	8.1808	7.276	7.441	9.112	8.5296	8.4454	7.4086	6.2142	6.4451	5.1408	5.0419	4.5474	5.3793	4.5258	6.7245	7.5271	7.7506	7.7108	8.0003	8.191	9.1734	9.6877	10.0681	9.694	9.9582	10.314	10.5765	10.2025	10.667	10.5742	10.3506	11.4234	9.6171	10.1384	7.7543	7.2596	7.7976	7.4182	8.038	7.4153	7.6977	7.8114	7.7726
JPN	Japan	232.4996	282.7869	292.8644	324.8355	358.8911	386.4712	419.2451	489.3074	561.9126	653.2154	767.9631	796.5444	852.1705	914.2657	914.3068	868.5114	907.1454	933.2387	901.5914	953.0729	944.8703	926.8374	897.4097	880.9115	937.0721	912.403	912.2622	902.5328	985.4671	1021.6848	1155.2634	1167.0405	1176.9426	1170.1967	1225.1734	1237.8528	1249.8757	1243.3671	1203.7105	1239.8401	1262.7345	1248.0874	1277.2365	1285.3854	1280.0361	1286.8563	1262.6395	1300.052	1229.2455	1160.2036	1211.5729	1261.3986	1302.0829	1314.0696	1264.1733	1223.6665	1204.3186	1205.0612
JOR	Jordan	0.74314	0.9774	1.047	1.219	1.2408	1.4204	1.5813	1.413	1.504	1.7568	1.5557	1.6544	1.9136	2.1996	2.2253	2.4892	2.9446	3.1539	3.6273	3.7769	4.6958	5.8252	6.2557	7.2999	8.2469	8.4215	9.1651	9.506	9.177	9.0798	10.247	9.6758	11.983	11.774	13.2495	13.2077	13.8264	14.0736	14.2519	14.2654	15.2	15.6105	16.4207	16.982	18.6695	20.4361	20.5274	21.437	20.7179	21.3363	20.6143	21.2438	23.8131	23.7393	25.7577	23.1678	21.6301	21.3567
KAZ	Kazakhstan	112.1693	115.6748	121.4043	130.1981	138.4655	146.8841	155.1159	162.1958	166.7522	173.6618	182.6582	193.8585	203.9898	212.6305	220.7534	232.0696	240.9611	249.1136	257.6267	259.7215	269.9056	264.7538	269.7465	273.565	275.9853	297.6494	298.395	310.9364	319.4422	312.6787	266.5169	257.0972	232.9392	205.2445	171.066	162.6831	149.0027	140.7693	135.0938	107.323	133.5387	128.2187	146.7822	164.319	171.0601	184.319	202.9699	213.2164	213.3804	209.3467	236.9621	227.0796	233.8608	239.8367	256.8567	263.4839	278.3619	292.5885
KEN	Kenya	2.4241	2.3986	2.622	2.8529	2.8233	2.4639	2.6801	2.6984	2.8154	3.1265	3.0782	3.6791	3.8659	3.9136	4.943	4.9684	4.5962	5.0352	5.2967	5.0118	6.1515	6.4731	4.6338	4.5946	4.2531	3.716	4.073	5.0759	4.69	5.0885	5.6861	4.7104	5.4021	6.2151	6.4204	7.4055	9.155	8.1197	9.896	10.0293	10.3016	9.2357	7.8196	6.5856	7.438	8.3386	9.3366	9.5404	9.9117	11.9641	11.746	12.9281	11.9672	12.7705	13.6564	14.5486	15.2342	15.8182
194	Kiribati		0.007328	0.010992	0.01832	0.01832	0.010992	0.010992	0.021984	0.032976	0.010992	0.021984	0.029312	0.025648	0.03664	0.032976	0.032976	0.032976	0.021984	0.021984	0.025648	0.029312	0.029312	0.025648	0.021984	0.021984	0.021984	0.01832	0.021984	0.021984	0.021984	0.021984	0.021984	0.025648	0.029312	0.029312	0.029312	0.032976	0.025648	0.029312	0.029312	0.029312	0.025648	0.040304	0.040304	0.043968	0.062288	0.069616	0.051296	0.05496	0.040304	0.062288	0.062288	0.062288	0.062288	0.062288	0.067973	0.068752	0.073409
KWT	Kuwait	7.797	9.9734	14.2786	17.012	25.3146	35.3906	35.1231	25.4208	22.4237	26.8095	25.0215	27.1173	27.6119	24.2227	19.312	16.8129	18.4562	17.2014	20.9716	17.6277	24.6162	25.1396	21.0903	21.5412	28.2852	29.0702	35.2303	31.3779	32.8251	35.7716	50.8862	10.1742	21.0219	33.202	38.7817	54.589	49.9136	54.6706	51.5606	53.8222	53.3841	57.4847	57.9799	59.6229	63.1079	71.1664	73.3891	74.8748	82.2983	86.9549	89.2722	90.6301	101.8903	97.8147	94.7633	102.327	103.456	104.3935
KGZ	Kyrgyzstan	4.7996	4.9493	5.1943	5.5705	5.9242	6.2841	6.6361	6.9389	7.1337	7.4293	7.8141	8.298	8.7365	9.1118	9.4655	9.9567	10.3345	10.6806	11.0417	11.1278	11.5606	11.3409	11.5551	11.7196	11.824	12.7521	12.784	13.3207	13.6846	13.3947	12.5553	12.1094	11.1664	8.5859	6.2045	4.511	5.6642	5.573	5.9131	4.6468	4.6025	3.8623	4.9193	5.3816	5.8068	5.5136	5.419	6.5183	7.5483	6.7374	6.3129	7.5535	9.9998	9.6585	9.4131	9.9294	9.8599	10.4331
LAO	Laos	0.080608	0.11358	0.1319	0.14656	0.17221	0.17954	0.2345	0.31877	0.16854	0.31877	0.57158	0.42136	0.48731	0.51662	0.29312	0.25282	0.2235	0.23083	0.23083	0.2235	0.18686	0.15022	0.15755	0.17954	0.1832	0.20152	0.20885	0.20885	0.20885	0.2345	0.21251	0.2345	0.25581	0.2558	0.27412	0.3474	0.46875	0.60062	0.67753	0.91931	0.92887	0.86275	1.1265	1.0741	1.3668	1.3773	1.507	0.86362	0.89911	1.1401	1.498	1.4669	1.5147	1.4015	1.6731	1.745	1.8985	1.958
LVA	Latvia	6.0541	6.2433	6.5525	7.0272	7.4734	7.9277	8.372	8.7541	9	9.373	9.8585	10.468	11.0203	11.4929	11.9381	12.5568	13.043	13.4898	13.955	14.0721	14.6283	14.3576	14.6315	14.8467	14.9853	16.1617	16.2119	16.8974	17.3652	17.0079	19.8059	18.0386	14.2672	11.9878	10.4203	9.1676	9.2435	8.7068	8.3289	7.738	7.099	7.5163	7.5429	7.7407	7.751	7.8352	8.3333	8.6551	8.2187	7.4807	8.647	7.8827	7.5839	7.4236	7.2388	7.3337	7.2636	7.1668
LBN	Lebanon	2.576	2.6785	2.8508	3.0228	3.2611	3.312	3.6229	3.5646	3.6933	4.3441	3.9407	5.3006	5.6533	7.0667	7.0879	6.2651	5.924	5.3855	5.4959	5.7852	5.8898	5.8443	5.7194	6.9422	6.7132	7.7649	7.4785	7.6704	7.3457	7.7208	7.8679	8.1149	9.7269	10.3696	11.1287	12.2802	12.7856	15.1324	16.3155	16.4582	15.4663	16.4062	16.2444	18.5275	17.2077	16.6535	14.792	13.7528	17.4261	20.9705	20.0152	20.2641	22.3688	22.1964	23.7038	21.2692	19.7574	19.5468
LBR	Liberia	0.16488	0.16122	0.25282	0.35541	0.48365	0.55693	0.61189	0.61189	0.88282	1.2711	1.4506	1.5239	1.5055	1.4799	1.7217	1.4836	1.4756	1.4714	1.5032	1.9419	2.0376	1.9349	0.59741	0.70652	0.69543	0.71608	0.72288	0.75846	0.80918	0.65959	0.46814	0.27846	0.28147	0.31444	0.31144	0.32543	0.33574	0.3474	0.37305	0.39067	0.41445	0.48465	0.48231	0.51811	0.60374	0.71047	0.73113	0.64969	0.55339	0.5083	0.78314	0.88098	1.0114	0.93545	0.90172	0.91288	0.96903	1.0778
LBY	Libya	0.6925	1.1945	1.0479	1.4619	0.66318	1.0149	2.6271	18.4922	30.1144	35.5222	32.3051	21.6283	15.22	14.5751	9.3376	11.5684	17.8879	20.0517	21.1554	25.9264	26.7805	28.668	30.5651	30.146	28.2762	31.0022	33.8955	32.3483	36.1604	37.0685	36.513	42.6191	37.025	38.709	43.753	45.6911	43.7968	44.7065	45.1589	44.3033	46.793	47.7738	47.4722	48.781	49.9558	51.6963	52.6663	49.3397	55.3415	57.1956	61.1216	39.2646	52.4087	56.0023	56.7279	52.1646	51.3104	53.3874
LTU	Lithuania	9.4784	9.7744	10.2583	11.0013	11.6998	12.4109	13.1062	13.7043	14.0892	14.673	15.433	16.4099	17.2993	18.0668	18.7947	19.7985	20.5837	21.3084	22.058	22.2554	23.1503	22.7574	23.205	23.5798	23.8297	25.7017	25.8206	26.9291	27.6968	27.1691	35.7872	37.8833	21.1871	16.3321	15.7482	15.0041	15.6588	15.0702	15.888	13.4075	11.788	12.4961	12.6024	12.5919	13.1673	14.0893	14.403	15.7633	15.0798	12.828	13.7126	14.0666	14.1337	13.1063	12.8747	13.1416	13.1575	13.3939
LUX	Luxembourg	11.5078	11.581	11.5407	11.4382	12.2956	12.1929	11.6104	11.3503	12.259	13.1822	13.7354	13.1947	13.4948	14.1782	14.428	11.8685	11.8666	10.9594	11.8874	12.1698	11.0822	9.4961	8.9352	8.3762	9.0168	9.2486	9.1277	8.8351	9.1269	9.876	11.812	12.424	12.1802	12.3206	11.509	9.1181	9.1655	8.5188	7.6394	8.0905	8.6729	9.1661	9.9422	10.4116	11.7852	12.0484	11.8793	11.2688	11.1323	10.5885	11.1543	11.0504	10.7881	10.2333	9.7575	9.2597	9.003	9.2947
MDG	Madagascar	0.39938	0.35541	0.39565	0.46149	0.48347	0.55678	0.5787	0.84248	0.91207	0.84975	0.97066	1.0256	1.2858	1.0733	1.1869	1.6925	0.99224	0.8456	1.0172	1.1302	1.6139	1.0245	1.0133	0.6504	0.86637	1.053	1.1371	1.2824	1.2858	0.92582	0.94381	1.028	0.9987	1.0243	1.2644	1.2607	1.359	1.6454	1.7326	1.9122	1.8675	1.7355	1.2319	1.6805	1.7894	1.7254	1.6662	1.7834	1.8686	1.7539	1.9383	2.3146	2.6776	3.0895	3.0472	3.0474	3.0443	3.1821
MWI	Malawi	0.43837	0.37333	0.36062	0.34671	0.32964	0.34796	0.42851	0.36622	0.38815	0.38076	0.45407	0.5017	0.54564	0.57123	0.54924	0.5785	0.58173	0.63608	0.66837	0.63482	0.708	0.60152	0.59135	0.57167	0.55294	0.55341	0.54845	0.54071	0.5372	0.55821	0.73906	0.78469	0.78527	0.87914	0.90471	0.90696	0.90426	0.94737	0.92204	0.92448	0.85385	0.84712	0.83932	0.90001	0.91884	0.85844	0.89212	0.86626	1.0285	0.91867	1.1216	1.156	1.0759	1.1885	1.2254	1.2752	1.3155	1.3675
MYS	Malaysia	4.2014	4.6849	4.7765	5.828	7.3994	8.3802	9.8344	10.1276	10.5302	9.1378	14.5859	16.6594	17.8939	17.4941	19.029	19.4243	23.8575	22.5644	23.1717	27.1949	27.8973	30.6898	30.4075	37.7782	34.4739	36.0141	39.7107	40.4852	42.3901	49.4334	56.0119	67.8548	74.4686	90.8365	93.014	120.0352	124.1169	123.5277	113.111	106.8872	124.5394	134.1672	132.2165	156.3935	162.088	172.4866	165.5806	182.4557	201.5803	196.4441	215.9923	217.6792	215.8952	233.8285	240.0551	245.0976	251.0896	254.5759
MLI	Mali	0.12091	0.11725	0.13923	0.17587	0.17587	0.19786	0.19053	0.2235	0.19786	0.16122	0.20152	0.22717	0.24549	0.26729	0.30393	0.34054	0.34026	0.41347	0.39495	0.42791	0.39134	0.39488	0.36513	0.41662	0.43482	0.40538	0.37961	0.3575	0.38303	0.41588	0.41942	0.43407	0.44138	0.45236	0.46034	0.46766	0.48597	0.52124	0.76211	0.79509	0.82074	0.82806	0.84638	0.84272	0.8757	0.89768	0.94165	1.0076	1.0699	0.80608	0.96363	1.0442	0.99294	1.0259	1.4106	1.4285	1.5291	1.7238
173	Malta	0.34075	0.29312	0.32976	0.41037	0.4983	0.47266	0.41403	0.52029	0.63754	0.65219	0.66318	0.65952	0.83906	0.80608	0.74379	0.66685	0.76211	0.80242	0.93432	0.90501	1.0223	1.1432	1.3117	0.99661	1.363	1.1981	1.4839	1.854	2.0115	2.1691	1.9433	2.1106	2.3195	2.3339	2.5025	2.4983	2.47	2.515	2.5161	2.5703	2.5709	2.4681	2.4439	2.6624	2.5573	2.666	2.6794	2.756	2.8237	2.5843	2.5902	2.6553	2.8105	2.4739	2.463	1.7578	1.4203	1.4445
MRT	Mauritania	0.03664	0.047632	0.062288	0.087936	0.11725	0.16122	0.17954	0.19786	0.2345	0.2748	0.42869	0.39938	0.44701	0.46899	0.48365	0.5093	0.51662	0.55693	0.58258	0.60456	0.63021	0.63387	0.88302	0.93798	0.87203	0.65586	0.37373	3.2426	3.184	2.803	0.85371	0.86837	0.90501	0.92699	0.9563	1.0149	1.0626	1.0772	1.0699	1.0955	1.1139	1.1725	1.2494	1.2897	1.385	1.4363	1.4216	1.6378	1.7734	1.9602	1.9602	2.1105	2.3303	2.323	2.323	2.3525	2.518	2.8387
153	Mauritius	0.17954	0.18686	0.25282	0.20885	0.30778	0.30411	0.2748	0.4983	0.63754	0.57158	0.4983	0.39571	0.68883	0.67784	0.6925	0.5899	0.61922	0.6412	0.63021	0.65952	0.5899	0.54227	0.50197	0.59723	0.62654	0.70715	0.79875	0.93066	0.85371	1.0516	1.4619	1.5206	1.7074	1.7734	1.6232	1.8283	1.9492	1.9969	2.1691	2.4256	2.6894	2.8616	2.8836	3.0594	3.0888	3.2939	3.6274	3.686	3.7666	3.708	3.9132	3.9168	3.9644	4.067	4.2246	4.1619	4.0866	4.2792
MEX	Mexico	63.0523	65.2399	63.7437	66.2922	74.2001	75.1679	80.8446	90.0055	93.8872	102.1762	113.9507	126.2114	132.3287	144.1564	154.8687	164.3327	183.9914	192.7032	222.4915	240.7145	268.2858	284.3673	304.6776	278.3062	277.5097	288.4057	294.4666	307.2896	307.0178	361.8023	318.4148	331.3743	334.208	339.4729	353.2382	333.0098	347.422	370.4064	390.1793	392.3245	397.8997	412.6274	413.9726	439.7861	440.7996	465.9136	478.8036	482.3255	495.305	478.389	466.0907	486.5032	498.6585	492.5597	482.5279	477.2737	504.9799	490.2946
MDA	Moldova	9.0695	9.3658	9.8437	10.5616	11.2387	11.9375	12.6232	13.2105	13.5911	14.1592	14.9043	15.822	16.6512	17.3654	18.0402	18.9751	19.7046	20.3773	21.0687	21.2324	22.0647	21.668	22.0618	22.392	22.6009	24.3443	24.4296	25.4505	26.1477	25.618	24.0426	23.1548	21.0806	15.9704	12.3903	11.4054	11.6871	7.3013	6.4439	4.6846	3.573	3.7866	4.0517	4.4043	4.6134	4.9378	5.0297	4.9786	5.1904	4.5395	4.8309	4.9633	4.7657	4.8994	4.7442	4.9487	5.2004	5.0936
MNG	Mongolia	1.2934	1.3923	1.9712	1.6012	2.0445	1.9566	1.9529	2.1251	2.4802	2.6818	2.8465	3.0324	3.2759	3.4721	3.7408	4.0546	4.39	4.9607	5.7638	6.2773	6.8552	6.6147	6.7123	6.9691	6.4247	8.9979	9.5951	10.4825	11.4928	10.459	9.89	12.121	10.9939	9.2626	7.9271	7.8994	8.0233	7.6884	7.6875	7.5352	7.4868	7.8699	8.2625	8.0079	8.5707	8.5737	9.4058	12.0787	12.0167	13.074	13.82	21.4265	26.1897	38.6893	20.7997	20.3564	28.681	30.3907
MNE	Montenegro	0.67008	0.70236	0.72075	0.80181	0.90841	0.93466	0.92617	0.9355	1.0006	1.0374	1.3557	1.4611	1.3694	1.6359	1.6431	1.7144	1.7695	1.7208	1.923	2.0916	2.0568	2.2384	2.0564	2.2144	2.3352	2.3821	2.4878	2.4722	2.5586	2.5529	2.5509	1.8043	1.9153	1.6678	1.6224	1.7138	2.006	2.1553	2.2692	1.5648	1.7384	1.8676	1.9966	2.1352	2.3336	2.2089	2.3816	2.2497	2.748	1.8247	2.5795	2.5685	2.334	2.246	2.2094	2.4392	2.5735	2.6278
228	Montserrat		NaN	0.003664	0.003664	0.007328	0.003664	0.007328	0.007328	0.007328	0.007328	0.014656	0.014656	0.014656	0.014656	0.014656	0.010992	0.010992	0.025648	0.025648	0.025648	0.014656	0.01832	0.01832	0.021984	0.021984	0.025648	0.029312	0.029312	0.029312	0.029312	0.029312	0.029312	0.029312	0.029312	0.032976	0.032976	0.03664	0.032976	0.029312	0.029312	0.025648	0.025648	0.03664	0.03664	0.03664	0.03664	0.03664	0.040304	0.047632	0.047632	0.065952	0.040304	0.043968	0.051296	0.047632	0.049726	0.050691	0.050682
MAR	Morocco	3.636	3.7714	3.0749	3.9541	4.415	4.2544	5.4595	5.4083	5.6202	5.8174	7.282	8.1903	8.0361	9.6259	11.1195	11.0933	11.5279	12.6796	13.0534	15.9311	15.9151	15.8268	17.0277	17.7635	17.7829	17.8335	18.8481	20.0823	21.139	22.8794	23.502	24.9266	25.986	28.1621	29.5834	30.2819	31.0656	31.6837	31.8165	32.8871	33.5769	37.4259	38.074	37.4954	43.3622	45.5251	47.3908	50.2304	52.861	52.5903	56.2	57.6974	62.4833	58.8304	59.6248	61.0432	61.2857	62.7253
MOZ	Mozambique	1.8824	2.6299	1.9852	1.6591	2.139	2.0033	2.1242	1.8713	2.7762	3.2378	2.9809	3.611	3.2957	3.5589	3.1455	2.8824	2.5554	2.7064	2.8658	2.6346	3.1985	2.479	2.5239	1.9545	1.5109	1.1349	0.97714	0.97673	1.0062	1.0345	1.0152	1.0151	1.0013	1.0752	1.0572	1.1085	1.0244	1.1045	1.1124	1.1672	1.3228	1.5539	1.5386	1.8567	1.8645	1.7707	1.9148	2.1871	2.1799	2.4399	2.6339	3.1074	2.9808	3.8738	8.2536	9.0184	9.8064	10.2744
222	Nauru		NaN	NaN	NaN	0.029312	0.032976	0.032976	0.047632	0.047632	0.065952	0.065952	0.087936	0.076944	0.084272	0.098928	0.10259	0.10259	0.11358	0.11358	0.11358	0.12458	0.12458	0.12458	0.12458	0.12458	0.12458	0.16122	0.15755	0.15755	0.15755	0.12458	0.12458	0.12091	0.11358	0.10992	0.10626	0.10259	0.10259	0.098928	0.0916	0.084272	0.080608	0.076944	0.065952	0.065952	0.062288	0.043968	0.043968	0.043968	0.040304	0.043968	0.040304	0.040304	0.043968	0.047632	0.05198	0.052575	0.056136
NPL	Nepal	0.080608	0.080608	0.087936	0.098928	0.15022	0.17954	0.19053	0.21251	0.25282	0.39938	0.22717	0.19786	0.26747	0.42136	0.42488	0.35171	0.28184	0.3364	0.32897	0.51236	0.5413	0.4532	0.44236	0.49242	0.70142	0.67602	0.69701	0.86068	0.97603	0.89356	0.62385	0.94788	1.3084	1.4405	1.6671	2.0034	2.4553	2.7595	2.2233	3.1898	3.038	3.2368	2.5951	2.81	2.6381	3.0516	2.5294	2.5782	3.3843	4.1911	4.894	5.2765	5.5217	6.2847	7.662	7.5854	8.526	9.0282
NLD	Netherlands	73.4376	75.8188	83.2819	91.1446	96.7766	100.4036	103.5575	106.6822	113.4455	115.8021	141.8033	140.6662	157.4954	165.2599	159.9852	152.5255	169.1309	163.6058	169.7932	187.0072	176.6319	164.1099	133.4872	137.3575	144.073	146.9802	144.0145	151.4805	145.6029	161.6645	162.4408	170.8198	170.6549	170.7962	171.3984	173.0327	182.4732	175.2924	176.4022	170.9913	171.9358	177.0794	176.3749	179.8242	181.4533	177.5309	172.7367	172.6005	175.5192	170.1804	182.1796	169.1187	164.9487	164.7573	157.3471	165.0299	165.5221	164.0459
183	Netherlands Antilles	73.4376	75.8188	83.2819	91.1446	96.7766	100.4036	103.5575	106.6822	113.4455	115.8021	141.8033	140.6662	157.4954	165.2599	159.9852	152.5255	169.1309	163.6058	169.7932	187.0072	176.6319	164.1099	133.4872	137.3575	144.073	146.9802	144.0145	151.4805	145.6029	161.6645	162.4408	170.8198	170.6549	170.7962	171.3984	173.0327	182.4732	175.2924	176.4022	170.9913	171.9358	177.0794	176.3749	179.8242	181.4533	177.5309	172.7367	172.6005	175.5192	170.1804	182.1796	169.1187	164.9487	164.7573	157.3471	165.0299	165.5221	164.0459
NCL	New Caledonia	0.86104	0.88669	0.56426	0.61922	1.0992	1.2311	1.5096	1.4729	1.8393	1.5572	2.3926	2.4182	1.7038	2.5976	2.7807	2.5279	2.3884	2.139	1.5413	1.6399	1.9986	1.3903	1.2618	1.1512	1.2022	1.451	1.4008	1.4545	1.5012	1.6395	1.5768	1.758	1.5747	1.8275	1.9704	2.0642	2.1851	1.8187	1.81	2.0555	2.2216	1.8777	2.3934	2.7267	2.5161	2.809	2.706	2.928	2.849	2.9552	3.5206	3.628	3.6122	4.2256	4.2749	4.4491	5.2328	5.5645
NZL	New Zealand	11.5318	11.7551	11.1983	12.2165	13.092	13.6853	14.0003	13.6268	13.4731	14.257	14.18	15.049	16.1896	18.2003	18.76	18.2703	19.2485	20.3134	18.024	16.4944	17.4789	16.561	18.2703	17.9981	19.3366	21.858	22.946	24.1653	25.4494	25.4532	25.4536	26.1181	28.1126	27.707	27.8888	28.1534	29.3752	31.3561	29.9344	31.5286	32.3592	34.5827	34.7687	36.4931	36.0649	37.6476	37.5201	36.642	37.6557	34.8067	35.0107	34.3288	35.9693	35.2145	35.6104	35.8371	34.4629	36.0139
NIC	Nicaragua	0.53116	0.56044	0.65934	0.84251	0.94874	0.78016	0.95964	1.0805	1.2307	1.2856	1.4028	1.5054	1.6044	1.8276	1.9483	1.9266	2.2222	2.8331	2.6275	1.7093	2.0223	2.1349	2.1107	1.9967	1.846	1.9848	2.2555	2.431	2.24	1.4683	2.0439	1.9879	2.3736	2.2834	2.5179	2.7548	2.8474	3.1136	3.3919	3.5984	3.7211	3.922	3.9908	4.3353	4.3783	4.2697	4.4142	4.5504	4.3653	4.4375	4.469	4.8017	4.5488	4.476	4.7812	5.0686	5.2998	5.4229
NGA	Nigeria	0.029312	0.05496	0.065952	0.087936	0.095264	0.0916	0.13551	0.13181	0.16113	0.19044	0.21606	0.23071	0.2527	0.32946	0.28937	0.33336	0.33307	0.36584	0.41678	0.47901	0.57017	0.68379	0.74587	0.96184	0.99095	0.99441	0.89894	0.99766	0.98703	1.0382	0.73086	0.71986	0.69721	0.77779	0.77045	0.80707	0.89865	0.90596	0.95358	0.94989	0.6927	0.65164	0.69482	0.75336	0.80824	0.70848	0.68628	0.7169	0.80306	0.9623	1.1692	1.3178	1.8564	1.935	2.1227	2.0894	2.2345	2.4851
NGA	Nigeria	3.4032	0.05496	4.1096	0.065952	4.175	0.087936	5.3436	0.095264	7.2667	0.0916	11.7501	0.13551	12.8932	0.13181	12.8245	0.16113	6.6259	0.19044	12.0999	0.21606	21.52	0.23071	32.2515	0.2527	41.3876	0.32946	49.5323	0.28937	62.2355	0.33336	47.3517	0.33307	55.1896	0.36584	50.5046	0.41678	48.2229	0.47901	70.1856	0.57017	68.0352	0.68379	65.8105	0.74587	65.3936	0.96184	59.7052	0.99095	69.4059	0.99441	69.6359	0.89894	73.1922	0.99766	59.0244	0.98703	70.4213	1.0382	42.1194	0.73086	38.8572	0.71986	41.9291	0.69721	46.2651	0.77779	44.8134	0.77045	34.9337	0.80707	35.5753	0.89865	39.4006	0.90596	42.0611	0.95358	37.5878	0.94989	40.0192	0.6927	75.76	0.65164	85.4351	0.69482	93.3961	0.75336	101.3056	0.80824	103.9877	0.70848	105.7058	0.68628	98.4616	0.7169	94.456	0.80306	94.9332	0.9623	75.5407	1.1692	90.3154	1.3178	94.2254	1.8564	96.5668	1.935	95.8743	2.1227	93.9854	2.0894	103.8245	2.2345	101.5718	2.4851	107.3009
NER	Niger	0.029312	0.05496	0.065952	0.087936	0.095264	0.0916	0.13551	0.13181	0.16113	0.19044	0.21606	0.23071	0.2527	0.32946	0.28937	0.33336	0.33307	0.36584	0.41678	0.47901	0.57017	0.68379	0.74587	0.96184	0.99095	0.99441	0.89894	0.99766	0.98703	1.0382	0.73086	0.71986	0.69721	0.77779	0.77045	0.80707	0.89865	0.90596	0.95358	0.94989	0.6927	0.65164	0.69482	0.75336	0.80824	0.70848	0.68628	0.7169	0.80306	0.9623	1.1692	1.3178	1.8564	1.935	2.1227	2.0894	2.2345	2.4851
NGA	Nigeria	0.029312	0.05496	0.065952	0.087936	0.095264	0.0916	0.13551	0.13181	0.16113	0.19044	0.21606	0.23071	0.2527	0.32946	0.28937	0.33336	0.33307	0.36584	0.41678	0.47901	0.57017	0.68379	0.74587	0.96184	0.99095	0.99441	0.89894	0.99766	0.98703	1.0382	0.73086	0.71986	0.69721	0.77779	0.77045	0.80707	0.89865	0.90596	0.95358	0.94989	0.6927	0.65164	0.69482	0.75336	0.80824	0.70848	0.68628	0.7169	0.80306	0.9623	1.1692	1.3178	1.8564	1.935	2.1227	2.0894	2.2345	2.4851
NGA	Nigeria	3.4032	0.05496	4.1096	0.065952	4.175	0.087936	5.3436	0.095264	7.2667	0.0916	11.7501	0.13551	12.8932	0.13181	12.8245	0.16113	6.6259	0.19044	12.0999	0.21606	21.52	0.23071	32.2515	0.2527	41.3876	0.32946	49.5323	0.28937	62.2355	0.33336	47.3517	0.33307	55.1896	0.36584	50.5046	0.41678	48.2229	0.47901	70.1856	0.57017	68.0352	0.68379	65.8105	0.74587	65.3936	0.96184	59.7052	0.99095	69.4059	0.99441	69.6359	0.89894	73.1922	0.99766	59.0244	0.98703	70.4213	1.0382	42.1194	0.73086	38.8572	0.71986	41.9291	0.69721	46.2651	0.77779	44.8134	0.77045	34.9337	0.80707	35.5753	0.89865	39.4006	0.90596	42.0611	0.95358	37.5878	0.94989	40.0192	0.6927	75.76	0.65164	85.4351	0.69482	93.3961	0.75336	101.3056	0.80824	103.9877	0.70848	105.7058	0.68628	98.4616	0.7169	94.456	0.80306	94.9332	0.9623	75.5407	1.1692	90.3154	1.3178	94.2254	1.8564	96.5668	1.935	95.8743	2.1227	93.9854	2.0894	103.8245	2.2345	101.5718	2.4851	107.3009
NOR	Norway	13.0868	13.3355	14.0604	14.9653	16.1703	16.3899	19.5401	19.3042	21.1137	22.1938	27.9787	27.1662	29.3954	30.4923	27.6689	29.645	29.291	31.044	34.7641	34.2156	38.0236	40.2995	41.0222	37.4724	40.4297	40.6872	47.0456	40.6816	42.4547	49.3472	35.7044	34.0693	34.8319	36.5316	38.446	38.4772	41.5938	41.6989	41.9567	42.7095	42.2159	43.5598	42.667	43.9218	44.337	43.5607	43.9233	45.8519	44.903	43.2054	45.8233	44.9826	44.5608	44.3027	43.9527	44.6637	44.0316	44.7899
OMN	Oman		NaN	NaN	NaN	0.010992	0.025648	0.029312	0.13557	0.16122	0.2345	0.2345	2.0921	2.0885	2.1105	2.334	7.2511	8.3209	8.5005	7.7897	7.7164	6.0419	6.0126	5.7305	7.5259	8.0535	8.6185	9.8249	9.4018	10.5166	9.9857	11.2957	11.678	11.9846	13.3566	15.1817	15.77	14.967	15.3434	16.4061	20.5579	21.7397	20.106	25.2344	32.0275	27.5912	29.4666	39.0464	43.1313	42.1107	40.5146	46.7501	53.2631	58.343	60.6572	60.3739	64.2211	64.4421	65.1864
PAK	Pakistan	11.9264	12.3496	13.5699	15.6002	16.039	16.8296	17.1258	18.1759	20.8418	20.2134	20.5044	19.4406	18.903	20.0085	21.3874	23.1878	22.7885	24.3199	26.0506	28.1345	31.9316	34.2328	37.1896	40.0222	42.5573	46.8135	49.0586	52.9885	57.6073	60.3166	67.8285	67.4778	72.015	77.1766	84.0193	83.6151	93.5374	93.7876	96.7421	99.3905	105.4184	107.1262	112.9036	117.4907	129.9595	134.7562	143.7267	155.8442	155.3562	155.219	157.7647	158.342	159.7276	160.5957	162.4276	172.09	187.4054	198.81
PAN	Panama	0.99616	1.1024	1.1903	1.1829	1.2416	1.5272	1.6555	1.6957	2.0182	2.0511	2.2011	2.6003	2.7982	3.2372	3.0175	3.6592	3.6067	3.4554	2.8346	3.1808	3.1076	3.3227	3.2785	3.4797	2.8674	2.6133	2.7348	3.1796	2.9147	2.5103	2.7462	3.2224	4.226	3.8996	4.292	2.9396	4.575	5.5933	5.8897	5.6103	5.717	6.9399	5.8073	6.0757	5.7117	6.7411	7.2681	7.0901	7.1817	8.4194	8.9994	9.9008	9.8519	10.45	8.5512	9.6078	10.196	10.059
PNG	Papua New Guinea	0.17954	0.61555	0.20152	0.65952	0.19786	0.69616	0.25648	0.69982	0.26747	0.69616	0.30411	0.71814	0.34075	0.72547	0.43602	0.74746	0.50197	0.74746	0.55693	0.79142	0.6925	0.81341	0.8244	0.83173	1.2677	0.80242	1.3447	0.83906	1.5865	0.84272	1.5316	0.88669	1.5719	0.90134	1.5792	0.90134	1.6744	0.94531	1.7954	0.96363	1.8283	0.98928	1.9309	0.98195	1.9456	0.95264	2.0079	0.97829	2.0445	0.99294	2.1251	0.99661	2.0628	0.99294	2.334	1.0259	2.1984	1.0442	2.0335	1.0039	2.1398	1.0259	2.0628	1.0589	2.0518	1.0882	1.9932	1.2269	2.1801	1.267	2.0592	1.3395	2.1874	1.3943	2.5758	1.4763	2.8616	1.5517	2.4439	1.6131	2.6637	1.6882	3.206	1.7677	3.4845	1.844	3.9425	1.9057	4.4847	1.8247	4.3821	1.8906	4.3052	1.9676	6.1152	2.1439	4.7925	2.2266	5.0893	2.5749	4.7364	2.7347	5.3	2.5428	5.0506	2.2564	6.1581	2.3921	6.2899	2.4453	6.8769	2.6017	6.9366	2.9047	7.3875
PRY	Paraguay	0.30405	0.36268	0.39199	0.41031	0.43226	0.54948	0.51284	0.48725	0.58981	0.52014	0.74344	0.63363	0.71418	0.86807	0.95222	0.83849	1.0322	1.1559	1.4562	1.3277	1.4881	1.3854	1.3641	1.4102	1.4917	1.5485	1.6573	1.8807	2.1487	2.2284	2.1469	2.1174	2.513	2.8421	3.3981	3.9306	3.7189	4.1588	4.4638	4.4635	3.6539	3.7828	3.8684	4.0339	4.0533	3.7887	3.9371	4.0828	4.3728	4.4972	5.026	5.2479	5.1935	5.3273	5.5935	5.6983	5.7886	5.8503
PER	Peru	8.1646	8.6336	9.9596	10.2232	12.2528	11.9515	13.2411	13.6403	14.4866	15.2853	17.7658	18.5926	18.1522	19.7321	21.3351	21.9397	22.4103	23.3028	22.4169	22.2186	24.0627	24.0193	23.59	20.3823	20.619	19.4399	21.7533	25.6642	24.9858	21.7319	20.9525	20.1746	20.3109	23.4784	23.1193	23.6822	24.184	27.2456	27.572	29.1468	30.0783	26.9287	26.9306	26.1046	31.5555	36.733	34.4109	42.4012	40.3322	50.8445	56.6779	48.6913	53.9376	55.9841	60.584	62.7495	66.3412	64.7815
PHL	Philippines	8.3251	8.7125	10.3359	11.4718	12.8228	13.9647	16.1041	18.2089	22.2228	22.8295	24.7514	27.5517	26.4094	31.5013	30.4923	32.4824	35.0662	36.6761	37.3802	38.031	36.8686	34.5282	34.8385	35.2391	30.8313	27.8991	29.0247	32.4958	37.4847	38.9065	41.3495	43.4712	48.2938	48.9292	54.1233	59.9487	61.2537	70.0626	68.253	68.1766	72.3464	70.3046	70.1551	70.2147	72.7708	73.2713	66.5219	70.7641	77.3	75.7671	82.9329	83.5348	88.9271	95.7229	103.025	113.8232	119.2737	127.608
POL	Poland	199.5771	207.2354	216.6072	230.9988	242.8805	246.9809	252.431	259.0255	275.801	293.3653	304.1434	312.8808	329.5064	335.59	346.2366	374.7801	398.1187	417.9549	430.87	441.3086	463.329	408.9969	420.9704	421.0237	432.4673	444.5078	451.8486	463.7326	444.2299	422.1751	376.0387	373.3782	363.7189	364.5653	359.6111	361.3039	375.3046	366.5701	337.3415	327.6524	317.0973	313.5457	305.7305	318.4156	322.5389	321.6688	334.6228	334.3657	327.4482	314.1446	332.1307	331.6946	324.2166	319.9113	307.5551	310.6151	322.234	326.6045
PRT	Portugal	8.2135	9.078	9.2899	10.0116	11.0074	11.5825	11.8351	12.3916	12.9924	14.5928	15.2365	16.3757	18.3073	19.9451	20.645	21.2753	22.3258	22.6051	22.5849	24.8557	26.7736	27.0007	29.0001	29.9019	28.794	27.1299	30.2214	31.1986	32.5679	40.8226	45.5791	47.2062	51.4585	50.07	50.8204	54.7909	52.0981	55.1088	59.5976	67.2235	66.0443	65.7042	69.5567	64.4372	67.2205	69.4974	64.7702	62.2701	59.9235	57.0771	52.8818	51.7018	49.8779	48.0819	47.9558	52.1952	50.2748	54.8636
QAT	Qatar	0.17587	0.16122	0.19053	6.1335	6.2691	6.2874	6.2728	6.6831	7.0752	7.1666	7.5615	9.1443	10.7754	12.4572	10.4785	10.9474	10.3749	9.916	10.519	14.3424	13.0817	12.8407	12.3349	11.2426	12.298	12.3778	13.267	11.4705	11.8977	14.2924	11.7437	17.6453	26.7327	30.6479	30.1548	31.7171	32.2038	37.3935	32.271	31.2711	34.5662	41.2145	40.7019	41.2994	42.7103	50.6901	63.1962	62.8994	64.2571	68.5969	71.9199	79.6476	93.2194	84.1525	106.8712	120.5472	118.6898	129.8033
ROU	Romania	53.3941	55.7161	63.8128	69.4555	72.037	78.6369	84.0907	92.0288	100.0794	111.5274	119.9815	125.6815	132.2542	144.765	150.7203	162.0064	174.472	178.0767	193.5394	195.6764	196.199	197.7302	195.3292	200.1164	188.8166	193.9069	201.6413	211.6316	212.2216	213.5994	171.2318	140.9668	130.286	121.6272	119.6707	124.8369	128.2776	119.2659	104.7557	88.6823	93.5384	98.8771	99.1519	103.5767	102.8744	100.9666	104.1306	108.5597	105.3654	87.2054	83.5513	89.3432	86.3209	76.8292	77.1605	77.7882	75.0517	79.9955
RWA	Rwanda	0.069825	0.091495	0.084272	0.084272	0.03664	0.047632	0.043968	0.040304	0.05496	0.058624	0.058624	0.062288	0.065952	0.069616	0.07328	0.17587	0.26747	0.26747	0.28946	0.29678	0.49464	0.6009	0.60822	0.69616	0.63387	0.61555	0.59723	0.61085	0.69165	0.68339	0.53711	0.48211	0.48207	0.48937	0.47199	0.461	0.47595	0.49288	0.48185	0.50311	0.5207	0.52284	0.52127	0.51011	0.51728	0.51711	0.51673	0.54549	0.53057	0.56443	0.57913	0.65211	0.72453	0.79038	0.82357	0.91689	0.98418	1.0247
187	Saint Lucia	0.014656	0.01832	0.01832	0.021984	0.021984	0.025648	0.029312	0.032976	0.03664	0.062288	0.065952	0.069616	0.076944	0.080608	0.07328	0.076944	0.084272	0.069616	0.098928	0.15022	0.11358	0.095264	0.11358	0.10259	0.11358	0.12824	0.1319	0.14656	0.16488	0.16488	0.16122	0.16854	0.20152	0.2235	0.26014	0.31144	0.3261	0.30778	0.30778	0.31877	0.32976	0.36274	0.3261	0.35907	0.35541	0.3664	0.3664	0.38472	0.39571	0.38472	0.40304	0.4067	0.4067	0.4067	0.4067	0.42458	0.43282	0.43274
227	Saint Pierre and Miquelon	0.03664	0.047632	0.032976	0.03664	0.047632	0.040304	0.043968	0.051296	0.040304	0.032976	0.03664	0.047632	0.069616	0.040304	0.043968	0.032976	0.047632	0.03664	0.032976	0.03664	0.03664	0.040304	0.040304	0.032976	0.03664	0.032976	0.047632	0.051296	0.065952	0.10259	0.0916	0.10259	0.095264	0.07328	0.069616	0.069616	0.069616	0.047632	0.05496	0.05496	0.05496	0.05496	0.058624	0.065952	0.062288	0.065952	0.065952	0.065952	0.065952	0.065952	0.069616	0.069616	0.069616	0.07328	0.076944	0.080326	0.081885	0.081871
193	Saint Vincent and the Grenadines	0.010992	0.010992	0.010992	0.014656	0.01832	0.014656	0.01832	0.01832	0.021984	0.029312	0.029312	0.029312	0.03664	0.040304	0.032976	0.032976	0.032976	0.032976	0.03664	0.029312	0.03664	0.03664	0.040304	0.047632	0.065952	0.065952	0.065952	0.076944	0.065952	0.076944	0.080608	0.076944	0.084272	0.10259	0.12091	0.12824	0.1319	0.1319	0.16122	0.16488	0.14656	0.17954	0.18686	0.19786	0.21984	0.21984	0.21984	0.22717	0.22717	0.31144	0.21984	0.19786	0.25282	0.20885	0.20885	0.21803	0.22226	0.22222
185	Samoa	0.014656	0.01832	0.01832	0.021984	0.025648	0.029312	0.025648	0.025648	0.029312	0.029312	0.029312	0.03664	0.03664	0.03664	0.032976	0.058624	0.047632	0.080608	0.10626	0.095264	0.098928	0.10259	0.11358	0.11358	0.11358	0.11358	0.11358	0.11358	0.11358	0.12091	0.10259	0.10626	0.10992	0.10992	0.11358	0.11725	0.12458	0.12824	0.1319	0.13557	0.1429	0.14656	0.14656	0.15389	0.15022	0.16122	0.16488	0.17221	0.17954	0.18686	0.18686	0.20152	0.19786	0.19786	0.19786	0.21592	0.21839	0.23318
202	American Samoa	0.014656	0.01832	0.01832	0.021984	0.025648	0.029312	0.025648	0.025648	0.029312	0.029312	0.029312	0.03664	0.03664	0.03664	0.032976	0.058624	0.047632	0.080608	0.10626	0.095264	0.098928	0.10259	0.11358	0.11358	0.11358	0.11358	0.11358	0.11358	0.11358	0.12091	0.10259	0.10626	0.10992	0.10992	0.11358	0.11725	0.12458	0.12824	0.1319	0.13557	0.1429	0.14656	0.14656	0.15389	0.15022	0.16122	0.16488	0.17221	0.17954	0.18686	0.18686	0.20152	0.19786	0.19786	0.19786	0.21592	0.21839	0.23318
186	Sao Tome and Principe	0.010992	0.010992	0.010992	0.007328	0.010992	0.010992	0.010992	0.010992	0.014656	0.014656	0.014656	0.010992	0.010992	0.014656	0.01832	0.01832	0.029312	0.029312	0.032976	0.032976	0.040304	0.043968	0.047632	0.05496	0.051296	0.05496	0.051296	0.051296	0.047632	0.047632	0.047632	0.047632	0.047632	0.047632	0.047632	0.047632	0.047632	0.047632	0.047632	0.047632	0.047632	0.051296	0.058624	0.065952	0.07328	0.076944	0.084272	0.084272	0.084272	0.0916	0.098928	0.10259	0.11358	0.11358	0.11358	0.11472	0.11752	0.11747
SAU	Saudi Arabia	2.6744	3.5683	6.25	6.9388	7.0412	4.2163	6.4073	25.4855	29.0791	35.271	45.2513	59.7566	70.2817	95.0535	98.7018	83.2608	101.4595	118.0703	115.0243	138.0043	169.2398	175.3034	157.8914	160.8347	155.5102	172.4185	204.6006	190.4437	202.2477	203.4192	185.4853	267.3862	285.0741	313.3274	307.4732	234.7119	258.2636	215.7967	207.2305	225.9765	296.3533	296.5749	325.6812	326.5171	394.5848	395.8548	431.292	386.5071	432.3364	465.8443	517.7159	497.659	563.1795	540.8052	601.8961	620.883	631.5492	635.0111
SEN	Senegal	0.82738	0.81267	0.81267	0.86027	0.9225	1.692	1.7176	0.69914	NaN	0.49014	1.3071	1.351	1.4532	1.5487	1.849	2.578	1.7697	2.2373	2.6196	2.8881	3.3364	3.2799	3.0366	2.6114	3.2842	2.6505	2.6365	2.4246	2.7108	3.6619	3.139	3.378	3.4234	3.538	3.8368	3.429	3.6632	3.1824	3.3331	3.6036	3.8093	4.1802	4.3459	4.8049	4.9885	5.5396	4.4218	4.8266	4.739	4.2037	7.2801	7.8194	7.3629	7.8499	8.3058	8.1149	8.5416	9.3185
SRB	Serbia	15.1792	15.9108	16.3271	18.1633	20.5784	21.1731	20.9805	21.1918	22.6652	23.4997	30.7105	33.0925	31.0071	37.0353	37.1887	38.7954	40.0311	38.9152	43.4801	47.287	46.4834	50.5817	46.4482	50.0189	52.7511	53.8081	56.1908	55.8292	57.7793	57.6486	57.6075	40.719	43.2938	37.7408	36.6984	38.7752	45.3928	48.7927	51.3796	35.4401	39.3805	42.2776	45.173	48.2985	52.7378	49.8792	53.7596	52.1858	51.7897	45.926	45.6964	48.9571	43.7245	44.5458	37.1891	41.3375	43.351	45.0928
196	Seychelles		NaN	NaN	0.007328	0.007328	0.007328	0.007328	0.007328	0.007328	0.007328	0.029312	0.032976	0.043968	0.047632	0.05496	0.058624	0.080608	0.084272	0.076944	0.12091	0.095264	0.098928	0.084272	0.098928	0.098928	0.15022	0.16488	0.20152	0.19786	0.2345	0.15022	0.17221	0.17221	0.1832	0.20152	0.19786	0.2345	0.34075	0.43235	0.5093	0.57158	0.63387	0.53861	0.5496	0.73646	0.68883	0.7328	0.6412	0.6925	0.52395	0.44334	0.34075	0.43968	0.40304	0.49464	0.53972	0.58297	0.60905
SLE	Sierra Leone	0.71448	0.28946	0.3261	0.37006	0.30411	0.28213	0.30045	0.25282	0.36274	1.0845	0.85738	0.80242	0.67784	0.53861	0.52029	0.52395	0.45067	0.51296	0.71082	0.67784	0.60822	0.6925	0.55326	0.68883	0.61555	0.66318	0.67418	0.4983	0.458	0.37373	0.48731	0.54594	0.44701	0.44701	0.46166	0.34808	0.39205	0.36274	0.36274	0.34442	0.38838	0.51296	0.53494	0.56792	0.55326	0.46166	0.61555	0.51662	0.53494	0.53494	0.57525	0.74379	0.86104	1.0332	1.1395	1.154	1.2352	1.3925
SGP	Singapore	1.3923	2.0921	2.5753	3.3958	3.6998	2.5273	0.6726	3.0539	5.4131	7.1972	18.1925	16.5771	22.2181	21.1994	21.9468	24.5178	29.9985	28.2649	33.1082	36.0573	31.3433	26.7406	29.6058	34.8104	33.2168	33.2666	34.8765	32.4605	35.9492	41.7087	44.2906	45.0494	48.2127	50.8711	61.3446	41.8418	49.3492	58.0718	48.3564	49.8705	48.8563	49.4421	47.1727	31.0926	28.451	30.3343	30.7739	19.9102	36.1051	55.887	55.5975	45.1844	36.3432	55.6305	56.3267	60.7206	62.8291	64.7651
SVK	Slovakia	31.6714	34.3751	36.6322	38.5353	40.1044	39.0771	38.8564	38.7752	40.5684	43.068	49.3782	51.8048	52.2878	52.5086	53.1248	55.5931	57.766	59.5039	60.0552	58.4997	59.196	58.5628	57.9988	58.0898	60.057	59.2471	59.6651	59.197	58.2543	56.3414	61.9957	53.6171	49.156	46.659	43.8279	44.8665	45.1655	45.2043	44.1752	43.3408	41.5332	43.8366	42.0515	42.4268	42.9912	42.9075	42.6037	40.9491	41.4846	37.6394	38.6265	37.9328	36.1091	35.6339	33.5647	33.8975	33.9968	35.3862
SVN	Slovenia	4.3608	4.571	4.6906	5.2181	5.9119	6.0828	6.0274	6.0881	6.5114	6.7511	8.8228	9.5024	8.897	10.6217	10.6587	11.112	11.4573	11.1269	12.4256	13.5079	13.2663	14.4302	13.2341	14.2525	15.0321	15.3311	16.0058	15.8879	16.5077	16.4477	15.0744	13.995	13.996	14.2927	14.6338	15.2445	15.9058	16.233	15.9482	15.3234	15.4301	16.3633	16.5082	16.2701	16.6307	16.9288	17.124	17.26	18.1974	16.31	16.3526	16.3406	15.8008	15.1671	13.5126	13.5991	14.3998	14.6096
SLB	Solomon Islands	0.010992	0.014656	0.014656	0.014656	0.01832	0.025648	0.025648	0.032976	0.03664	0.03664	0.040304	0.047632	0.05496	0.065952	0.065952	0.058624	0.062288	0.080608	0.062288	0.10992	0.10259	0.13557	0.12091	0.1429	0.1429	0.15022	0.15389	0.16122	0.15755	0.16122	0.14656	0.14656	0.1429	0.1429	0.13923	0.1429	0.1429	0.1429	0.1429	0.15022	0.15022	0.15755	0.15755	0.16122	0.16122	0.16122	0.16488	0.17954	0.18686	0.19419	0.19786	0.19786	0.19786	0.20152	0.20152	0.21991	0.22243	0.2375
SOM	Somalia	0.084272	0.087936	0.10626	0.10259	0.13557	0.1319	0.13923	0.22717	0.15389	0.16122	0.21618	0.18686	0.2345	0.26381	0.32976	0.50197	0.47998	0.79875	0.55693	0.48731	0.81341	0.2748	0.71814	0.93432	0.71448	0.85738	0.92333	0.99294	1.0037	0.95207	0.72957	0.7065	0.67954	0.63922	0.62822	0.5879	0.56792	0.53861	0.51296	0.49098	0.47998	0.50197	0.58624	0.59357	0.59357	0.59357	0.59357	0.60822	0.6009	0.59723	0.61189	0.60456	0.60822	0.60822	0.60822	0.66365	0.71684	0.7489
ZAF	South Africa	97.8435	102.1198	105.67	109.7252	119.546	128.14	128.2349	133.7601	137.9538	143.1428	149.6182	168.3923	171.5301	173.3127	176.4883	184.9324	192.8239	199.6463	201.7712	218.5481	228.0597	256.9045	280.249	291.7052	315.3733	323.6589	330.2911	328.4451	342.3618	340.4185	312.6299	325.7272	301.0293	320.3381	338.3887	361.3641	363.4865	385.1207	376.7763	374.3176	377.7309	371.1406	355.4541	403.2353	448.5391	415.0509	445.7087	463.975	494.1272	501.3769	472.4826	468.9272	467.0806	464.6191	488.0062	461.1166	468.0454	456.3252
ESP	Spain	48.8656	53.6069	59.9758	58.7429	64.3238	71.0205	77.617	86.394	97.0172	96.7369	116.7665	128.4585	144.7162	154.9573	172.6656	181.0535	197.7458	194.8289	199.5136	202.7462	213.9116	206.0958	208.5981	203.4347	197.6668	199.931	189.1122	189.5076	197.4574	224.8848	231.895	241.465	250.3269	241.8178	254.234	267.8322	255.448	268.0587	276.636	300.1766	311.9261	313.892	334.0071	337.9792	354.2857	368.9641	360.2792	368.1336	336.4901	297.2481	283.8775	284.5947	279.2713	252.6827	255.1957	271.7272	260.9859	281.422
LKA	Sri Lanka	2.2567	2.3336	2.5608	2.5315	2.2714	2.656	2.6597	2.9451	3.2381	4.3151	3.5931	3.1935	3.5379	3.6843	2.9293	2.893	2.7988	2.911	3.4355	3.809	3.3886	4.0056	4.4669	4.8549	3.8521	3.9166	3.6603	4.0269	3.4566	3.447	3.8294	4.137	5.106	4.9756	5.4358	5.8155	6.9702	7.5196	7.7363	8.5176	10.1338	10.3273	10.9467	10.9521	12.1462	11.9352	11.7937	12.1513	11.9878	12.9435	13.0503	14.8866	15.7757	15.2533	18.1589	20.7134	21.9507	23.1384
SUR	Suriname	0.43235	0.42869	0.49464	0.53128	0.60456	0.79509	1.0955	1.3337	1.4509	1.5206	1.6085	1.7145	1.7438	2.1066	1.601	2.0187	1.9965	1.8975	2.3919	2.2928	2.3694	2.0283	1.8706	1.3721	1.552	1.5959	1.7569	1.7568	1.8739	1.8518	1.7673	2.0495	2.0641	2.0384	2.0417	2.06	2.082	2.1039	2.1039	2.1222	2.1918	2.3634	1.5606	1.5383	1.5564	1.589	1.7391	1.7569	1.9357	1.9953	2.3954	1.9598	2.2444	1.9022	1.9758	1.9972	2.0308	2.0537
SWZ	Swaziland	0.032976	0.003664	NaN	NaN	0.010992	0.080608	0.20152	0.22717	0.27846	0.30411	0.3664	0.39938	0.38106	0.37006	0.31144	0.33709	0.33342	0.34075	0.43968	0.44701	0.46533	0.43602	0.43602	0.27114	0.33342	0.43968	0.458	0.43602	0.43602	0.43602	0.42502	0.3261	0.26381	0.1319	0.48365	0.45434	0.34075	1.2018	1.2128	1.2384	1.1871	1.1432	1.1248	1.0406	1.0296	1.0186	1.0149	1.0626	1.0955	1.0442	1.0369	1.0479	1.2055	1.0882	1.2018	1.2332	1.2412	1.3438
SWE	Sweden	49.1705	48.7995	51.2726	55.3131	60.3681	62.5622	72.5174	68.9297	77.606	86.3811	92.287	84.509	84.7034	87.2898	79.8231	80.7605	88.2412	85.7408	79.4769	84.8691	71.7142	69.3891	62.2574	58.269	57.3088	62.3647	62.0105	59.6956	57.426	55.5218	57.5063	57.7135	57.4471	57.3957	59.8455	59.2761	63.194	58.1327	58.7171	55.857	54.725	55.6823	56.6413	57.2244	56.4433	53.8433	53.6728	52.8165	50.7231	47.1532	52.9273	48.97	46.4036	44.769	43.2257	43.3856	42.568	41.5015
CHE	Switzerland	19.4949	20.3573	24.1197	29.0667	28.1257	30.3289	31.4856	32.5194	35.9813	38.047	40.2443	41.8879	42.9158	46.2024	41.4268	39.0511	40.4371	41.0377	42.1698	39.8645	40.49	38.8117	36.585	40.0221	39.1279	39.78	42.2456	40.2041	40.6612	39.4176	44.1619	46.1402	46.0155	43.6047	42.6786	43.4141	44.0985	43.035	44.6123	44.4417	43.6119	45.0758	43.4585	44.6441	45.2283	45.7798	45.3656	43.3598	44.7067	43.5281	45.0451	40.9797	42.2509	43.1839	39.2378	38.7385	39.2049	40.074
SYR	Syria	3.2187	3.0609	3.1999	3.6063	4.3613	3.6723	4.9109	4.6032	5.9539	7.2326	6.6499	8.8742	7.7563	7.8852	9.6544	11.1712	13.7371	14.6324	15.1814	22.4846	20.7267	26.5346	24.3645	27.7745	32.849	29.3894	31.0732	35.9428	36.6791	34.2713	37.0453	42.2007	42.5611	45.2217	46.1898	41.2002	42.3223	40.4308	49.7465	51.7714	50.4815	48.1407	38.4386	53.5814	50.3846	49.8808	52.8404	65.7185	66.8774	61.5622	60.7164	56.1393	43.7901	35.809	30.112	28.9252	27.9994	27.9145
TWN	Taiwan	11.8739	12.5285	14.1648	15.1086	16.9072	17.8448	19.4616	21.9699	24.1406	26.291	28.734	31.4754	35.8725	40.2464	39.3118	43.4569	56.0537	61.0163	70.8362	75.4992	83.1194	74.567	74.854	82.4673	84.1395	83.9175	93.411	97.1234	111.8179	121.6921	121.9053	133.0049	143.3457	154.8355	161.8216	172.1115	180.3419	194.3045	197.8532	205.2223	217.1857	226.2105	235.7338	244.5065	258.4556	257.1081	264.8075	275.5366	259.3619	246.4562	267.8754	266.9359	256.0042	258.3049	262.1522	258.8876	263.4759	271.525
TJK	Tajikistan	3.131	3.2288	3.3886	3.6341	3.8648	4.0997	4.3294	4.527	4.6542	4.847	5.0981	5.4125	5.6973	5.9407	6.1699	6.4885	6.7366	6.964	7.2013	7.2591	7.5432	7.4002	7.54	7.6477	7.7161	8.3217	8.3434	8.6942	8.9323	8.7441	8.1971	7.9037	7.2946	5.1614	2.3474	2.4429	2.8225	2.1489	2.4944	2.5155	2.2321	2.2855	1.8729	2.0622	2.5473	2.4212	2.6341	3.2043	2.8853	2.4347	2.5178	2.32	2.9063	3.4371	5.0607	5.4602	5.579	5.7114
TZA	Tanzania	0.82806	0.70349	0.76578	0.80242	1.0332	1.1615	1.3701	1.7581	1.6518	1.7947	1.7654	2.4615	2.1645	3.1827	2.3035	2.2816	2.786	2.0076	2.1973	2.0628	1.8737	2.1068	2.1483	2.1963	2.347	2.3379	2.2776	2.3675	2.2717	2.1616	2.2172	2.3488	2.2752	2.546	2.375	3.4963	3.3922	2.823	2.4815	2.4579	2.5709	3.0396	3.487	3.6862	4.2317	5.3601	5.879	5.7103	5.9374	5.6939	6.8406	7.807	9.2381	10.912	11.2413	12.4535	13.6047	14.2305
THA	Thailand	3.7095	4.1407	5.0268	5.5616	7.4703	7.4402	9.4654	12.1501	17.0757	14.54	15.3525	19.2211	21.8055	24.4202	24.2105	24.3715	28.7162	32.0649	34.947	36.5865	39.9562	37.8168	37.6356	42.1173	45.5557	48.2304	49.2234	56.3062	66.2029	77.7842	89.3901	98.3656	108.0767	122.8659	136.8442	158.4571	177.2644	183.0459	162.5516	174.131	179.264	192.3773	205.776	221.9164	240.2417	244.3039	248.62	249.1661	249.591	264.7503	279.4285	275.836	293.6644	296.903	313.1865	320.574	324.8341	330.8396
TGO	Togo	0.065952	0.0916	0.087936	0.10626	0.1319	0.1319	0.17954	0.19786	0.19419	0.24182	0.2748	0.3151	0.40486	0.41151	0.39027	0.31144	0.32243	0.46166	0.35541	1.3813	0.7933	0.7053	0.81661	0.62247	0.6933	0.65741	0.84583	0.92262	0.96091	1.0214	0.97267	1.0485	1.0307	1.0689	1.0049	1.1747	1.2652	0.87899	1.29	1.8504	1.3314	1.1589	1.3225	1.8047	1.7439	1.7216	1.5005	1.5168	1.5228	2.7408	2.5994	2.5076	2.2926	2.2361	2.2197	2.6403	2.7522	2.9911
188	Tonga	0.010992	0.010992	0.010992	0.010992	0.010992	0.010992	0.010992	0.014656	0.014656	0.010992	0.025648	0.01832	0.021984	0.025648	0.021984	0.032976	0.029312	0.029312	0.03664	0.040304	0.040304	0.047632	0.043968	0.047632	0.047632	0.047632	0.047632	0.05496	0.069616	0.069616	0.076944	0.095264	0.069616	0.084272	0.0916	0.095264	0.076944	0.098928	0.087936	0.10992	0.095264	0.087936	0.10259	0.11725	0.10992	0.11358	0.12824	0.11358	0.12091	0.1319	0.11725	0.10259	0.10626	0.11358	0.12091	0.13195	0.13346	0.1425
TTO	Trinidad and Tobago	2.5787	4.5979	7.2321	1.3074	3.7915	5.1911	4.0515	4.6342	4.0369	3.9012	8.9904	8.0964	8.2355	9.3898	10.042	9.6133	15.9108	16.1593	15.3119	16.7071	16.9194	17.2424	18.4052	16.2755	17.5044	20.7231	17.3548	17.4891	15.8331	16.105	16.9825	16.9683	19.1042	17.9211	17.386	16.9695	20.5301	18.3325	19.0586	22.4768	23.7661	26.2806	28.5393	31.8987	33.34	38.0602	42.5606	45.3492	44.2524	44.769	47.8123	46.807	45.3105	46.4155	46.1433	45.685	41.0236	40.6972
TUN	Tunisia	1.7241	1.7647	1.7939	1.9441	2.7535	2.4604	2.8816	3.0832	3.5923	3.8521	3.7387	4.2076	4.7314	4.8234	5.3912	5.5411	5.8414	6.7487	7.4779	8.7503	9.4653	9.8002	9.4929	11.2497	11.4885	11.8709	11.9924	11.6633	12.3768	13.1404	13.1674	15.3629	14.8918	16.3539	15.7761	15.5525	16.5808	16.7661	17.8085	18.1202	19.6703	20.5453	20.5586	20.9254	21.9266	22.2687	22.6025	23.6843	24.3334	24.3216	27.1025	25.5243	26.3064	26.8655	27.892	26.4047	26.9077	28.1341
TUR	Turkey	16.7985	17.3408	21.6045	22.6399	26.303	27.353	31.5058	33.4791	36.2655	38.7527	42.5792	47.6382	53.7219	59.31	60.9287	65.4194	73.3595	81.1208	76.714	75.038	75.2124	79.1862	86.2103	89.8124	94.9062	105.6626	115.6182	128.4426	124.728	137.5705	146.5072	153.538	159.0658	167.3019	163.7832	178.3103	195.7507	208.023	208.0423	203.949	226.0298	209.5291	217.6529	232.963	241.9092	260.898	281.5417	312.8625	310.3967	316.771	319.5284	344.7455	354.1348	346.781	357.56	380.8581	402.8208	447.8972
TKM	Turkmenistan	14.1373	14.5791	15.3011	16.4095	17.4514	18.5124	19.5498	20.442	21.0163	21.8871	23.0209	24.4382	25.7213	26.8172	27.8486	29.2836	30.4017	31.4267	32.4965	32.7567	34.0376	33.387	34.0142	34.4944	34.798	37.527	37.6191	39.1978	40.2678	39.4131	36.941	35.6185	32.9004	28.1917	33.4425	33.9322	30.6037	30.5559	32.025	37.605	37.4656	37.9998	39.8896	44.5201	46.4471	48.2316	49.3721	55.8901	56.6657	50.1707	57.1089	62.1823	64.5329	66.3741	68.0285	75.379	76.5633	72.7025
UGA	Uganda	0.42106	0.40644	0.42845	0.43214	0.49068	0.62601	0.73232	0.80918	0.98133	1.1754	1.4428	1.4391	1.3806	1.1792	1.1938	1.1318	0.98843	0.80485	0.69814	0.67282	0.62631	0.52734	0.5453	0.61448	0.58138	0.6179	0.70253	0.76892	0.86358	0.80121	0.75587	0.77588	0.78318	0.77582	0.70383	0.92996	1.036	1.0801	1.2341	1.2794	1.3944	1.4681	1.5079	1.5474	1.6806	2.1046	2.4686	2.8153	3.0523	3.2467	3.7652	4.0678	3.8607	4.6452	4.9877	5.3248	5.5714	5.7828
UKR	Ukraine	269.8205	278.2184	291.9614	313.0965	332.9609	353.1631	372.9109	389.902	400.83	417.4261	439.0199	465.8754	490.1622	510.8441	530.2697	557.3642	578.7824	598.4154	618.9486	624.0669	648.5996	636.1434	648.1716	657.2896	663.0675	715.1954	716.9314	747.0925	767.5397	751.2363	705.8322	632.5388	589.0622	510.2014	419.2676	389.8658	351.4099	340.2438	321.0672	292.3113	279.5378	301.3007	294.2	305.1834	306.2554	313.5337	332.7647	336.6011	325.7328	277.1699	293.5188	307.0712	303.7051	296.0741	256.5836	223.5797	235.156	212.1163
ARE	United Arab Emirates	0.010992	0.010992	0.01832	0.021984	0.01832	0.021984	0.025648	0.916	1.2421	20.5074	15.2349	21.1669	23.4349	30.6054	31.3016	31.0451	39.617	38.7513	44.7536	36.5465	36.8234	36.7669	36.7528	35.2205	46.1556	49.6525	47.0301	47.4504	48.0956	54.1861	51.7026	56.6723	57.7577	65.5654	72.6046	70.0127	40.429	41.0737	80.6825	77.5427	111.7881	100.6029	83.7456	105.6771	111.8675	114.5544	121.8838	133.337	154.1554	165.1851	158.1647	162.7049	173.9237	168.211	208.8116	227.4772	233.4265	231.7735
GBR	United Kingdom	584.02	588.6148	592.9315	603.3857	607.866	622.1116	618.0747	592.057	606.4883	628.3825	652.5774	660.3883	648.0264	659.5773	617.1839	603.2474	598.5263	604.3621	604.714	644.5133	579.036	560.555	548.241	545.4858	529.1089	559.6281	568.5548	571.6685	570.2949	581.5773	601.0676	609.0204	593.5041	579.4028	575.6574	566.8341	588.4935	562.4847	567.4862	560.5053	567.0615	575.9275	560.041	571.601	573.2038	570.001	567.6522	559.322	544.8482	494.6047	512.2143	469.8115	487.6708	477.7326	438.6912	422.6626	398.5509	384.7068
URY	Uruguay	4.3145	4.1168	4.0069	4.3148	4.5527	5.5163	5.3988	4.8788	4.8784	5.5894	5.7358	5.8019	6.0694	5.7687	5.677	5.9624	5.8871	5.6396	5.7293	6.2624	5.8185	5.356	4.8538	3.8035	3.4382	3.2838	3.1649	3.5425	4.786	4.8526	3.9671	4.5275	5.1429	4.4392	4.0299	4.5585	5.4044	5.5131	5.6401	6.681	5.2672	5.0306	4.5577	4.5278	5.5638	5.7258	6.5961	5.9465	8.2007	7.9473	6.2967	7.6538	8.5931	7.4898	6.6561	6.6511	6.7644	6.8403
UZB	Uzbekistan	47.8515	49.3462	51.7895	55.5408	59.0674	62.6578	66.1684	69.1881	71.1314	74.0789	77.9161	82.6726	86.971	90.6301	94.0649	98.8572	102.597	106.0188	109.6001	110.4545	114.7442	112.5003	114.6055	116.1777	117.1616	126.3618	126.6134	131.9068	135.4778	132.5396	124.1543	119.8753	111.2702	115.8664	108.2841	103.2023	105.8721	107.0033	118.946	122.2045	121.4556	123.0407	127.9434	126.438	125.7191	116.8949	119.6984	119.4173	123.3356	106.5339	103.5815	113.0454	115.1219	102.6549	104.4808	110.6693	97.9253	98.9989
VUT	Vanuatu		NaN	0.040304	0.032976	0.062288	0.047632	0.076944	0.084272	0.062288	0.043968	0.040304	0.058624	0.062288	0.05496	0.062288	0.05496	0.043968	0.051296	0.058624	0.062288	0.062288	0.051296	0.051296	0.05496	0.05496	0.12091	0.058624	0.047632	0.065952	0.062288	0.065952	0.065952	0.062288	0.062288	0.062288	0.065952	0.084272	0.084272	0.080608	0.084272	0.084272	0.087936	0.084272	0.084272	0.058624	0.058624	0.047632	0.098928	0.095264	0.12091	0.12091	0.1319	0.11358	0.10626	0.15389	0.16793	0.16986	0.18136
VEN	Venezuela	57.0168	51.8798	54.0561	56.1517	56.55	60.7296	56.974	65.7524	65.5721	68.9332	74.4894	62.5002	62.5141	66.4329	75.0576	63.7504	57.2734	63.6501	68.5914	76.4474	90.6406	91.7916	93.201	92.9079	93.0029	101.0265	109.2398	110.6611	115.7518	108.5711	121.822	115.0525	105.5781	123.9679	129.5308	132.8747	122.3396	133.4835	166.8022	172.5625	151.871	171.9742	192.7464	191.4567	151.268	164.538	168.5432	159.9889	178.2128	178.8451	188.1793	175.8558	197.7298	182.8689	184.2366	176.8973	166.0964	159.5676
VNM	Vietnam	7.4839	7.9783	9.3377	9.1104	11.7878	13.1499	19.1811	22.9622	23.6009	27.0556	28.173	24.5054	23.0372	25.0733	19.0646	21.7797	13.9049	15.251	15.389	16.2484	16.7857	17.6907	18.3319	19.2553	17.4744	21.0685	20.5453	23.2482	23.0087	17.326	21.1632	21.1604	21.0929	22.6007	25.7731	28.5235	34.0229	44.3093	46.5547	46.658	52.3321	59.5292	68.6613	76.2769	87.8002	94.8591	99.134	100.5772	113.2408	122.8365	136.1131	145.0478	135.3753	140.4389	159.7124	184.5019	197.8016	198.8265
YEM	Yemen	3.631	2.6637	3.8838	2.9165	3.631	3.9278	3.4625	3.0521	11.6369	4.6753	2.5098	1.9712	1.4949	2.7296	2.2458	2.1689	2.5643	2.978	3.1021	3.2185	3.3135	4.2254	5.9336	6.2856	7.097	8.5734	8.192	8.6267	9.5502	9.9351	9.5214	9.1286	9.8742	8.626	8.9826	10.3522	10.5269	13.2213	12.0635	13.7247	14.4742	16.0167	15.5535	17.0825	18.6462	19.7948	21.0851	20.719	22.025	24.2476	23.1519	19.513	18.2383	24.9804	22.2626	20.3846	19.1354	18.9658
ZMB	Zambia	4.3552	3.709	3.5827	3.4445	3.275	3.9123	3.4982	4.7876	4.5676	4.2709	3.7659	3.7867	4.0614	4.5857	4.1972	4.0762	4.0194	3.7349	3.4709	3.5965	3.5233	3.358	3.5108	3.2608	2.8044	2.7327	2.8656	2.6737	3.1091	2.57	2.4058	2.3821	2.4241	2.4672	2.393	2.141	1.837	2.3537	2.2792	1.7782	1.7851	1.8849	1.9601	2.0756	2.1043	2.2421	2.2317	1.8676	2.1056	2.4063	2.5626	2.7926	3.4807	3.7561	4.2557	4.4014	4.5751	4.7461
ZWE	Zimbabwe	5.9432	5.0613	4.889	4.7004	4.4691	5.2092	6.0409	5.2945	6.3777	6.7439	8.1541	8.7327	8.2158	9.2709	9.047	8.3109	10.8549	9.2844	9.2797	9.4317	9.614	9.4054	8.7799	10.4251	9.8797	10.2137	13.068	15.1701	16.0295	16.1137	15.5693	15.8653	16.9174	16.2591	17.6845	15.0294	14.8906	14.2942	14.1396	15.7277	13.8182	12.5092	11.897	10.6083	9.4285	10.6996	10.3649	9.834	7.7189	5.5195	7.681	9.4399	7.6146	11.5362	11.8663	10.9076	9.9326	10.3977

RUS	Russia	889.983	917.8258	963.3179	1033.1063	1098.7224	1165.5583	1230.9175	1287.1255	1323.3053	1378.1502	1449.5706	1538.2421	1618.4149	1686.7543	1750.9716	1840.5008	1911.3261	1976.2968	2044.1249	2061.0096	2142.0907	2101.2213	2140.7791	2171.0891	2190.2891	2362.1321	2368.15	2467.7245	2535.2876	2481.7172	2571.2107	2437.0381	1993.2176	1890.935	1669.6371	1640.2632	1606.949	1502.1374	1484.8522	1512.9847	1499.6162	1538.2444	1528.9617	1562.4724	1570.8642	1588.6629	1648.6587	1647.7289	1679.7944	1572.439	1657.5607	1712.4248	1726.0995	1665.9886	1667.1107	1671.8951	1668.0699	1692.7948
USA	United States	2887.8204	2877.3698	2984.0017	3116.0224	3252.7552	3388.1927	3559.1792	3693.2982	3828.3061	4021.5026	4325.5008	4351.3087	4558.4526	4762.4522	4592.9583	4400.795	4607.1682	4735.3663	4882.964	4894.0429	4716.7164	4530.3698	4301.9707	4335.9166	4468.262	4484.3382	4487.8558	4680.8341	4885.5905	4948.0212	5121.2645	5070.8394	5174.0591	5284.6879	5377.9871	5439.2133	5626.1867	5703.8907	5752.3242	5832.2502	6000.6061	5902.455	5943.6513	5991.3196	6106.6207	6132.0057	6052.2363	6130.9836	5932.7753	5495.395	5701.0758	5570.7066	5366.7303	5519.6126	5568.7593	5420.8041	5310.8614	5269.5295
SDS	South Sudan	0.11328	1.2456	0.11542	1.2692	0.12366	1.3598	0.13984	1.5378	0.1548	1.7025	0.20213	2.2231	0.22015	2.4212	0.26533	2.9181	0.25862	2.8442	0.34839	3.8316	0.40426	4.4463	0.41495	4.5637	0.44792	4.9265	0.45189	4.97	0.47327	5.2047	0.35297	3.8818	0.31266	3.438	0.31694	3.4841	0.2864	3.1465	0.29739	3.2665	0.31205	3.4267	0.3032	3.3296	0.31877	3.4985	0.32549	3.5707	0.2919	3.2013	0.33923	3.72	0.35388	3.8831	0.27907	3.0609	0.40365	4.4295	0.31297	3.4305	0.43479	4.7679	0.40731	4.4655	0.36457	3.988	0.25159	2.7451	0.34533	3.784	0.35785	3.9009	0.36915	4.0256	0.45128	4.9384	0.39113	4.284	0.42411	4.6439	0.46075	5.0544	0.53036	5.8157	0.67601	7.4161	0.75539	8.2825	0.95447	10.4682	0.91447	10.0254	1.0003	10.982	1.1761	12.9016	1.2418	13.6313	1.2958	14.1834	1.3273	14.383	1.3038	13.9939	1.33	14.2236	1.4473	15.0763	1.4949	14.9667	1.6311	16.2969	1.7619	17.4879	1.8407	18.2059
BWA	Botswana	NaN	NaN	NaN	NaN	NaN	NaN	NaN	NaN	NaN	NaN	NaN	0.021984	0.051296	0.087936	0.18686	0.59357	0.78043	0.83173	0.94165	0.98562	1.0076	1.0992	1.0296	1.0442	1.1578	1.0662	1.2384	1.3007	1.429	2.7004	2.6344	2.7773	3.195	3.0301	3.0448	2.7553	2.7993	3.3416	3.1584	3.7776	3.8472	3.9754	3.8252	3.8948	4.0927	4.133	4.2283	4.5031	3.7593	4.6536	4.1384	4.1856	5.1848	6.9868	7.103	7.0984	7.875
ERI	Eritrea	NaN	NaN	NaN	NaN	NaN	NaN	NaN	NaN	NaN	NaN	NaN	NaN	NaN	NaN	NaN	NaN	NaN	NaN	NaN	NaN	NaN	NaN	NaN	NaN	NaN	NaN	NaN	NaN	NaN	NaN	NaN	NaN	NaN	0.86072	0.92964	1.0072	0.85928	0.58581	0.6151	0.60408	0.62599	0.60027	0.72111	0.76501	0.76127	0.55593	0.57401	0.40902	0.50797	0.50799	0.57142	0.62967	0.63878	0.66275	0.71653	0.76427	0.79305
NAM	Namibia	NaN	NaN	NaN	NaN	NaN	NaN	NaN	NaN	NaN	NaN	NaN	NaN	NaN	NaN	NaN	NaN	NaN	NaN	NaN	NaN	NaN	NaN	NaN	NaN	NaN	NaN	NaN	NaN	NaN	NaN	1.0552	1.1505	1.3887	1.5719	1.6195	1.7221	1.7697	1.832	1.6635	1.6415	2.0152	1.7587	1.8723	1.9602	2.3083	2.3303	2.3596	3.3232	3.0668	3.0961	2.7648	3.3641	2.6012	3.7234	3.9185	3.9988	4.0653
LSO	Lesotho	NaN	NaN	NaN	NaN	NaN	NaN	NaN	NaN	NaN	NaN	NaN	NaN	NaN	NaN	NaN	NaN	NaN	NaN	NaN	NaN	NaN	NaN	NaN	NaN	NaN	NaN	NaN	NaN	NaN	1.4729	1.5279	1.5865	1.6341	1.6744	1.7074	1.7367	1.7697	1.8027	1.8247	1.8503	1.876	1.9053	1.9309	1.9822	2.0115	2.0372	2.0738	2.1251	2.2167	2.2753	2.3303	2.4036	2.4329	2.4659	2.4847	2.4619	2.8238
KOR	South Korea	12.5401	14.4487	17.2616	21.0832	22.1952	24.9783	29.9822	35.1132	37.1971	42.4682	53.7164	58.5498	60.2773	73.0319	75.6331	81.784	93.2708	105.6916	113.4017	133.2189	134.8886	139.7775	141.9832	151.0378	164.0488	178.4848	182.6718	192.9399	222.3079	236.2482	247.4382	262.0383	282.194	321.8378	344.2638	373.9924	401.5299	427.7861	363.5483	398.3253	445.4409	448.5506	463.628	462.4073	478.6058	459.3457	465.6059	493.3532	505.7826	506.7645	565.9609	588.4351	583.632	591.5397	586.548	590.5575	595.0737	616.0967
PRK	North Korea	23.7884	26.4266	30.6874	32.8265	35.6182	44.2221	47.5999	52.392	59.269	64.0794	73.4763	107.453	89.5049	97.3253	101.6115	107.6238	110.0309	113.6652	108.2129	110.263	114.0822	114.3949	116.8921	125.1631	134.6616	144.2847	156.8353	175.6187	200.8081	213.0715	122.4	117.2266	102.9626	94.8685	86.7195	81.2598	71.6086	65.1326	58.7688	64.0994	69.166	71.665	68.6429	70.1365	71.722	74.9187	76.1729	63.4792	70.3281	69.8738	65.6872	47.2381	48.2293	35.1567	39.6544	38.4039	54.9252	58.0196
ESH	Western Sahara	NaN	NaN	NaN	NaN	NaN	NaN	NaN	NaN	NaN	NaN	NaN	NaN	NaN	NaN	NaN	NaN	NaN	NaN	NaN	NaN	NaN	NaN	NaN	NaN	NaN	NaN	NaN	NaN	NaN	NaN	NaN	NaN	NaN	NaN	NaN	NaN	NaN	NaN	NaN	NaN	NaN	NaN	NaN	NaN	NaN	NaN	NaN	NaN	NaN	NaN	NaN	NaN	NaN	NaN	NaN	NaN
